0,14692581,14000000
0,32676599,14500000
0,35014174,15312500
0,36212250,16148437
0,38506653,17129882
0,40844244,18238646
0,50660292,20458815
0,52997866,20401463
0,55335449,20351280
0,57673031,20432370
0,58828090,20628323
0,61717412,20924782
0,64054987,21309184
0,68686952,22145536
0,71024527,22002344
0,73362109,21877051
0,75699692,22017419
0,78037267,22140241
0,80374849,22247710
0,82712431,22591746
0,85050006,23142777
0,87387589,23499929
0,89725171,24062437
0,92062746,24554632
0,94400328,24735303
0,96737911,25143390
0,99075486,25500466
0,101413068,25812907
0,103750651,26336293
0,106088225,26919256
0,108425808,27304349
0,110763390,27891305
0,113100965,28529891
0,115438548,29088654
0,117776130,29827572
0,120113705,30474125
0,122451287,31039859
0,124788870,31784876
0,127126445,32561766
0,130611218,33241545
0,132948793,34086351
0,135286376,34950557
0,137623958,35706737
0,139961533,36618394
0,142299116,37416094
0,144636698,38114082
0,146974273,38974821
0,149311855,39852968
0,151649438,40496347
0,153987013,41309303
0,156324595,42145640
0,158662178,42877435
0,160999752,43767755
0,163337335,44546785
0,165674917,45228436
0,168012492,46199881
0,170350075,47049895
0,172687657,47668658
0,175025232,48585075
0,177362814,49386940
0,179700397,50088572
0,182037972,51077500
0,184375554,51817812
0,186713137,52340585
0,189050712,53173011
0,191388294,53901384
0,194873060,54538711
0,197210643,55471372
0,199548225,56287450
0,201885800,57001518
0,204223382,58001328
0,206560965,58751162
0,208898540,59407266
0,211236122,60356357
0,213573705,61186812
0,215911280,61788460
0,218248862,62689902
0,220586445,63478664
0,222924019,64168831
0,225261602,65147727
0,227599184,65879261
0,229936759,66519353
0,232274342,67454433
0,234611924,68272628
0,236949499,68863549
0,239287082,69755605
0,241624664,70536154
0,243962239,71094134
0,246299821,71957367
0,248637404,72712696
0,250974979,73373609
0,253312561,74326907
0,255650144,75036043
0,259134910,75906537
0,261472492,76918219
0,263810075,77803441
0,266147650,78578010
0,268485232,79505758
0,270822815,80317538
0,273160390,81152845
0,275497972,82133739
0,277835547,82867021
0,280173130,83633643
0,282510712,84554437
0,284848287,85235132
0,287185869,85830740
0,289523452,86601897
0,291861027,87276659
0,294198609,87992076
0,296536192,88868066
0,298873767,89509557
0,301211349,90195862
0,303548932,91046379
0,305886507,91790581
0,308224089,92441758
0,310561672,93261538
0,312899246,93978845
0,315236829,94731489
0,317574412,95640052
0,319911986,96310045
0,323396760,97146289
0,325734343,98128002
0,328071918,99112001
0,330409500,99848000
0,332747083,100742000
0,335084657,101649250
0,337422240,102443093
0,339759823,103387706
0,342097397,104214242
0,344434980,104937461
0,346772562,105820278
0,349110137,106717743
0,351447720,107378025
0,353785302,108205771
0,356122877,109055049
0,358460460,109798167
0,360798042,110698396
0,363135617,111486096
0,365473200,112175334
0,367810782,113028417
0,370148357,113899864
0,372485940,114537381
0,374823522,115345208
0,377161097,116177057
0,379498680,116654924
0,381836254,117323058
0,384173837,118032675
0,387658611,118778590
0,389996186,119681266
0,392333768,120471107
0,394671351,121162218
0,397008926,122141940
0,399346508,122999197
0,401684091,123624297
0,404021666,124546259
0,406359248,125352976
0,408696831,126058854
0,411034406,127051497
0,413371988,127795059
0,415709571,128445676
0,418047146,129389966
0,420384728,130216220
0,422722311,130814192
0,425059886,131712418
0,427397468,132498365
0,429735051,133186069
0,432072626,134162810
0,434410208,134892458
0,436747791,135530900
0,439085366,136464537
0,441422948,137281469
0,443760531,137871285
0,446098106,138762374
0,448435688,139542077
0,450773271,140224317
0,833240198,143571277
0,835577781,146624867
0,837915356,149171758
0,840252939,151650288
0,842590521,153819002
0,844928096,155716626
0,848412870,157627047
0,850750453,159423666
0,853088028,160870707
0,855425611,162261868
0,857763193,163479134
0,860100768,164669242
0,862438351,165710586
0,864775934,166746762
0,867113509,167653416
0,869451091,168571739
0,871788674,169375271
0,874126249,170203362
0,876463832,170927941
0,878801414,171686948
0,881138989,172351079
0,883476572,173057194
0,885814155,173550044
0,888151730,174106288
0,891636504,174718002
0,893974079,175378251
0,896311661,175955969
0,898649244,176586472
0,900986819,177138163
0,903324402,177870892
0,905661984,178387030
0,907999559,178963651
0,910337142,179593194
0,912674725,179644044
0,915012300,179438538
0,917349882,178883720
0,919687465,178023255
0,922025040,177020348
0,924362623,175642804
0,926700205,174187453
0,929037781,172664021
0,931375363,170956018
0,933712946,169086515
0,936050521,167325700
0,938388104,165409987
0,940725686,163233738
0,943063261,161079520
0,945400844,158819580
0,947738427,156467132
0,950076002,154283740
0,952413584,151873272
0,955898351,149514113
0,958235933,147199848
0,960573516,145049867
0,962911091,142793633
0,965248674,140944428
0,967586256,139201374
0,969923831,137426202
0,972261414,135747926
0,974598997,134279435
0,976936572,132619505
0,979274155,131292066
0,981611737,130005557
0,983949312,128629862
0,986286895,127426129
0,988624478,126372862
0,990962053,125076254
0,993299635,124066722
0,995637218,123183381
0,997974793,122035458
0,1000312376,121156025
0,1002649959,120261521
0,1004987534,119103830
0,1007325116,118090851
0,1009662699,117204494
0,1012000274,116178932
0,1014337857,115281565
0,1016675439,114496369
0,1020160206,113934322
0,1022497788,113442531
0,1024835364,112887214
0,1027172946,112526312
0,1029510529,112210523
0,1031848104,111809207
0,1034185687,111583056
0,1036523269,111385174
0,1038860844,111087027
0,1041198427,110951148
0,1043536010,110832254
0,1045873585,110603222
0,1048211168,110527819
0,1050548750,110461841
0,1052886325,110279110
0,1055223908,110244221
0,1057561491,110213693
0,1059899066,110061981
0,1062236649,110054233
0,1064574231,109922453
0,1066911806,109682146
0,1069249389,109596877
0,1071586972,109522267
0,1073924547,109331983
0,1076262129,109290485
0,1078599712,109254174
0,1080937287,109097402
0,1084422061,109210226
0,1086759644,109308947
0,1089097219,109395328
0,1091434802,109470912
0,1093772385,109537048
0,1096109960,109594917
0,1098447542,109645552
0,1100785125,109689858
0,1103122700,109728625
0,1105460283,109762546
0,1107797866,109792227
0,1110135441,109818198
0,1112473023,109840923
0,1114810606,109860807
0,1117148181,109878206
0,1119485764,109893430
0,1121823339,109781751
0,1124160922,109809032
0,1126498504,109832903
0,1128836079,109603790
0,1131173662,109528316
0,1133511245,109462276
0,1135848820,109279491
0,1138186403,109244554
0,1140523985,109213984
0,1142861560,109062236
0,1145199143,109054456
0,1147536726,109047649
0,1151021492,109166692
0,1153359075,109270855
0,1155696658,109361998
0,1158034233,109441748
0,1160371816,109511529
0,1162709398,109572587
0,1165046973,109626013
0,1167384556,109672761
0,1169722139,109713665
0,1172059714,109749456
0,1174397297,109780774
0,1176734880,109808177
0,1179072455,109832154
0,1181410037,109853134
0,1183747620,109871492
0,1186085195,109887555
0,1188422778,109901610
0,1190760361,109913908
0,1193097936,109799669
0,1195435518,109699710
0,1197773101,109487246
0,1200110676,109426340
0,1202448259,109373047
0,1204785842,109201416
0,1207123417,109176239
0,1209461000,109154209
0,1212945766,109134932
0,1215283349,109243065
0,1217620932,109337681
0,1219958507,109295470
0,1222296089,109383536
0,1224633672,109460594
0,1226971247,109403019
0,1229308830,109477641
0,1231646413,109542935
0,1233983988,109475068
0,1236321571,109540684
0,1238659153,109598098
0,1240996728,109523335
0,1243334311,109582918
0,1245671894,109635053
0,1248009469,109680671
0,1250347052,109720587
0,1252684635,109755513
0,1255022210,109786073
0,1257359792,109812813
0,1259697375,109586211
0,1262034950,109512934
0,1264372533,109448817
0,1266710116,109267714
0,1269047691,109234249
0,1271385274,109204967
0,1273722856,109054346
0,1276060432,109047552
0,1279545206,109166608
0,1281882781,109145782
0,1284220364,109252559
0,1286557946,109345989
0,1288895522,109302740
0,1291233104,109389897
0,1293570687,109466159
0,1295908262,109407889
0,1298245845,109481902
0,1300583428,109546664
0,1302921003,109478331
0,1305258586,109543539
0,1307596168,109600596
0,1309933743,109525521
0,1312271326,109584830
0,1314608909,109636726
0,1316946484,109557135
0,1319284067,109612493
0,1321621650,109535931
0,1323959225,109343939
0,1326296808,109300946
0,1328634390,109263327
0,1330971965,109105411
0,1333309548,109092234
0,1335647131,109080704
0,1337984706,108945616
0,1341469480,109077414
0,1343807063,109192737
0,1346144638,109293644
0,1348482221,109381938
0,1350819796,109459195
0,1353157379,109526795
0,1355494962,109585945
0,1357832537,109512701
0,1360170120,109573613
0,1362507702,109626911
0,1364845278,109548547
0,1367182860,109604978
0,1369520443,109654355
0,1371858018,109572560
0,1374195601,109625990
0,1376533184,109672741
0,1378870759,109588648
0,1381208342,109640067
0,1383545925,109685058
0,1385883500,109599425
0,1388221082,109524496
0,1390558665,109458934
0,1392896240,109276567
0,1395233823,109241996
0,1397571406,109461746
0,1399908981,109654027
0,1402246564,109822273
0,1404584147,109969488
0,1408068913,110348302
0,1410406496,110554764
0,1412744079,110735418
0,1415081654,111018490
0,1417419237,111141178
0,1419756820,111248530
0,1422094395,111467463
0,1424431978,111534030
0,1426769560,111592276
0,1429107136,111768241
0,1431444718,111797210
0,1433782301,111822558
0,1436119876,111969738
0,1438457459,111973520
0,1440795042,111976830
0,1443132617,112104726
0,1445470200,112091635
0,1447807783,112080180
0,1450145358,112195157
0,1452482941,112045762
0,1454820516,111915041
0,1457158099,111800660
0,1459495681,111700577
0,1461833257,111613004
0,1464170839,111536378
0,1466508422,111469330
0,1469993189,111535663
0,1472330772,111593705
0,1474668354,111644491
0,1477005930,111813929
0,1479343512,111837187
0,1481681095,111857538
0,1484018670,112000345
0,1486356253,112000301
0,1488693836,112000263
0,1491031411,112125230
0,1493368994,112109576
0,1495706577,112095879
0,1498044152,112208894
0,1500381735,112182782
0,1502719318,112159934
0,1505056893,112264942
0,1507394476,112231824
0,1509732058,112202846
0,1512069634,112302490
0,1514407216,112264678
0,1516744799,112231593
0,1519082374,112077643
0,1521419957,111942937
0,1523757540,111825069
0,1526095115,111721935
0,1528432698,111631693
0,1530770281,111552731
0,1533107856,111483639
0,1536592630,111548184
0,1538930205,111604661
0,1541267788,111654078
0,1543605371,111697318
0,1545942946,111735153
0,1548280529,111768258
0,1550618112,111797225
0,1552955687,111822571
0,1555293270,111844749
0,1557630853,111864155
0,1559968428,111881135
0,1562306011,111895993
0,1564643594,111908993
0,1566981169,111920368
0,1569318752,111930322
0,1571656334,111939031
0,1573993910,111946652
0,1576331492,111953320
0,1578669075,111959155
0,1581006651,111964260
0,1583344233,111843727
0,1585681816,111738261
0,1588019391,111645978
0,1590356974,111565230
0,1592694557,111494576
0,1595032132,111432754
0,1598516907,111503659
0,1600854482,111565701
0,1603192065,111619988
0,1605529647,111667489
0,1607867223,111709052
0,1610204805,111745420
0,1612542388,111777242
0,1614879964,111805086
0,1617217546,111829450
0,1619555129,111850768
0,1621892704,111869422
0,1624230287,111885744
0,1626567870,111900026
0,1628905445,111912522
0,1631243028,111923456
0,1633580611,111933024
0,1635918186,111941396
0,1638255769,111948721
0,1640593352,111955130
0,1642930927,111960738
0,1645268510,111965645
0,1647606093,111844939
0,1649943668,111739321
0,1652281251,111646905
0,1654618834,111566041
0,1656956409,111495285
0,1659293992,111433374
0,1661631575,111379202
0,1665116341,111581801
0,1667453924,111634075
0,1669791507,111679815
0,1672129082,111844838
0,1674466665,111864233
0,1676804248,111881203
0,1679141823,112021052
0,1681479406,112018420
0,1683816981,112016117
0,1686154564,112139102
0,1688492147,112121714
0,1690829722,112106499
0,1693167305,112093186
0,1695504888,112081537
0,1697842463,112071344
0,1700180046,112062426
0,1702517629,112054622
0,1704855204,112047794
0,1707192787,112041819
0,1709530370,111911591
0,1711867945,111797642
0,1714205528,111697936
0,1716543111,111610694
0,1718880686,111534357
0,1721218269,111467562
0,1723555852,111409116
0,1727040619,111607976
0,1729378201,111656979
0,1731715784,111699856
0,1734053360,111862374
0,1736390942,111879577
0,1738728525,111894629
0,1741066101,112032800
0,1743403683,112028700
0,1745741266,112025112
0,1748078841,112146973
0,1750416424,112128601
0,1752754007,112112525
0,1755091582,112223459
0,1757429165,112195526
0,1759766748,112171085
0,1762104324,112274699
0,1764441906,112240361
0,1766779489,112210315
0,1769117065,112309025
0,1771454647,112270396
0,1773792230,112236596
0,1776129806,112082021
0,1778467388,111946768
0,1780804971,111828422
0,1783142547,111724869
0,1785480129,111634260
0,1787817705,111554977
0,1790155288,111485604
0,1793640062,111549903
0,1795977637,111606165
0,1798315220,111655394
0,1800652803,111698469
0,1802990378,111736160
0,1805327961,111769140
0,1807665544,111797997
0,1810003119,111948247
0,1812340702,111954716
0,1814678285,111960376
0,1817015860,112090329
0,1819353443,112079037
0,1821691026,112069157
0,1824028601,112185512
0,1826366184,112162323
0,1828703767,112142032
0,1831041342,112249278
0,1833378925,112218118
0,1835716508,112190853
0,1838054083,112041996
0,1840391666,111911746
0,1842729249,111797777
0,1845066825,111698054
0,1847404407,111610797
0,1849741990,111534447
0,1852079566,111467641
0,1855564340,111534185
0,1857901915,111592411
0,1860239498,111643359
0,1862577081,111687939
0,1864914656,111726946
0,1867252239,111761077
0,1869589822,112040942
0,1871927397,112285824
0,1874264980,112625096
0,1876602563,112796959
0,1878940139,112947339
0,1881277721,113203921
0,1883615304,113303430
0,1885952880,113390501
0,1888290462,113591688
0,1890628045,113642727
0,1892965621,113687386
0,1895303204,113851462
0,1897640786,113870029
0,1899978362,113886275
0,1902315945,114025490
0,1904653528,114022303
0,1906991103,113894515
0,1909328686,113907700
0,1911666269,113794237
0,1914003844,113819957
0,1916341427,113842462
0,1918679010,113737154
0,1922163777,113895009
0,1924501360,113908132
0,1926838935,113919615
0,1929176518,114054663
0,1931514101,114047830
0,1933851676,114041851
0,1936189259,114161619
0,1938526842,114141416
0,1940864417,114123739
0,1943202000,114233271
0,1945539583,114204112
0,1947877158,114178598
0,1950214741,114281273
0,1952552324,114246113
0,1954889899,114215348
0,1957227482,114313429
0,1959565065,114274250
0,1961902641,114239968
0,1964240224,114334972
0,1966577806,114293100
0,1968915382,114131462
0,1971252965,114115029
0,1973590548,113975650
0,1975928123,113853693
0,1978265706,113871981
0,1980603289,113762983
0,1984088056,113917610
0,1986425638,114052908
0,1988763221,114046294
0,1991100797,114165507
0,1993438380,114269818
0,1995775963,114236090
0,1998113538,114331578
0,2000451121,114415130
0,2002788704,114363238
0,2005126279,114442833
0,2007463862,114512478
0,2009801445,114448418
0,2012139020,114517365
0,2014476603,114577694
0,2016814186,114505482
0,2019151762,114567296
0,2021489344,114621384
0,2023826920,114543711
0,2026164503,114600747
0,2028502086,114525653
0,2030839661,114459946
0,2033177244,114527452
0,2035514827,114336520
0,2037852402,114169455
0,2040189985,114148273
0,2042527568,114004738
0,2044865143,113879145
0,2047202726,113894251
0,2049540309,113782469
0,2051877885,113684660
0,2054215468,113724077
0,2056553051,113633567
0,2058890626,113554371
0,2061228209,113610074
0,2063565792,113533814
0,2065903367,113467087
0,2068240950,113533701
0,2070578533,113466988
0,2072916108,113408614
0,2075253691,113482537
0,2078738466,113547219
0,2081076041,113728816
0,2083413624,113887714
0,2085751207,113901749
0,2088088782,114039030
0,2090426365,114159151
0,2092763948,114139257
0,2095101524,114246849
0,2097439107,114090992
0,2099776689,113954618
0,2102114265,113960290
0,2104451848,113840253
0,2106789431,113735221
0,2109127006,113768318
0,2111464589,113672278
0,2113802172,113588243
0,2116139747,113639712
0,2118477330,113559748
0,2120814906,113489779
0,2123152489,113553556
0,2125490072,113484361
0,2127827647,113423815
0,2130165230,113495838
0,2132502813,113433858
0,2133693204,113254625
0,2136030780,113222796
0,2138368363,113069946
0,2140705946,112936202
0,2143043521,112944176
0,2145381104,112826154
0,2147718687,112722884
0,2150056262,112757523
0,2152393845,112662832
0,2154731428,112579978
0,2157069004,112632480
0,2159406587,112553420
0,2161744170,112484242
0,2164081745,112548711
0,2166419328,112480122
0,2168756911,112420106
0,2171094486,112492592
0,2173432069,112431018
0,2175769652,112377140
0,2178107228,112454997
0,2180444811,112398122
0,2182782394,112348356
0,2185119969,112429811
0,2187457552,112376084
0,2189795135,112204073
0,2192132710,112053563
0,2194470293,111921867
0,2196807876,111806633
0,2199145452,111705803
0,2201483035,111617577
0,2203820610,111540379
0,2206158193,111472831
0,2208495776,111413727
0,2210833351,111362011
0,2213170934,111316759
0,2215508517,111277164
0,2218993284,111367518
0,2221330867,111446578
0,2223668450,111515755
0,2226006026,111701285
0,2228343609,111738624
0,2230681192,111771296
0,2233018767,111924884
0,2235356350,111934273
0,2237693933,111942488
0,2240031508,112074677
0,2242369091,112065342
0,2244706674,112057174
0,2247044250,112300027
0,2249381833,112387523
0,2251719416,112464082
0,2254056991,112656071
0,2256394574,112699062
0,2258732157,112736679
0,2261069732,112894594
0,2263407315,112907769
0,2265744898,112919297
0,2268082474,113054384
0,2270420057,113047586
0,2272757640,113041637
0,2273948024,112911432
0,2276285607,112797503
0,2278623190,112697815
0,2280960765,112610588
0,2283298348,112534264
0,2285635931,112467481
0,2287973507,112409045
0,2290311090,112357914
0,2292648673,112313174
0,2294986248,112274027
0,2297323831,112239773
0,2299661414,112209801
0,2301998989,112183575
0,2304336572,112160628
0,2307821339,112265549
0,2310158922,112482355
0,2312496505,112547060
0,2314834081,112603677
0,2317171664,112778217
0,2319509247,112805939
0,2321846822,112830196
0,2324184405,112976421
0,2326521988,112979368
0,2328859564,112981947
0,2331197147,112984203
0,2333534730,112861177
0,2335872305,113003529
0,2338209888,113253087
0,2340547471,113346451
0,2342885047,113428144
0,2345222630,113624626
0,2347560213,113671547
0,2349897788,113712603
0,2352235371,113873527
0,2354572954,113889336
0,2356910529,113903169
0,2359248112,114040272
0,2361585695,114035238
0,2363923271,114030833
0,2366260854,114151978
0,2368598437,114132980
0,2370936012,114116357
0,2373273595,114226812
0,2375611178,114198460
0,2377948754,114173652
0,2380286337,114276945
0,2382623920,114242326
0,2384961495,114212035
0,2387299078,114310530
0,2389636661,114521713
0,2391974237,114581498
0,2394311820,114758810
0,2396649403,114913958
0,2398986978,114924713
0,2401324561,115059123
0,2403662144,115176732
0,2405999720,115154640
0,2408337303,115260310
0,2410674886,115352771
0,2413012461,115433674
0,2415350044,115504464
0,2417687627,115566406
0,2420025203,115620605
0,2422362786,115543029
0,2424700369,115350150
0,2427037944,115306381
0,2429375527,115268083
0,2431713110,115109572
0,2434050686,115095875
0,2436388269,115083890
0,2438725852,114948403
0,2441063427,114954852
0,2443401010,114960495
0,2445738593,114840433
0,2448076169,114860378
0,2450413752,114877830
0,2452751335,114768101
0,2455088910,114797088
0,2457426493,114822452
0,2459764077,114719645
0,2462101652,114754689
0,2464439235,114785352
0,2466776818,114687183
0,2469114394,114726285
0,2471451977,114760499
0,2473789560,114665436
0,2476127135,114707256
0,2478464718,114743849
0,2480802301,114650867
0,2483139877,114694508
0,2485477460,114732694
0,2487815035,114641107
0,2490152618,114685968
0,2492490201,114725222
0,2494827777,114634569
0,2497165360,114680247
0,2499502943,114720216
0,2501840518,114630189
0,2504178101,114676415
0,2506515684,114716863
0,2508853260,114627255
0,2511190843,114673848
0,2513528426,114714617
0,2515866002,114625289
0,2518203585,114672127
0,2520541168,114713111
0,2522878743,114623972
0,2525216326,114670975
0,2527553909,114587103
0,2529891485,114513715
0,2532229068,114574500
0,2534566651,114502687
0,2536904226,114439851
0,2540389001,114634869
0,2542726584,114680510
0,2545064159,114845446
0,2547401742,114989765
0,2549739325,114991044
0,2552076901,115117163
0,2554414484,115227517
0,2556752067,115199077
0,2559089643,115299192
0,2561427226,115386793
0,2563764809,115338443
0,2566102384,115421137
0,2568439967,115493494
0,2570777550,115431807
0,2573115126,115502831
0,2575452709,115564977
0,2577790292,115494354
0,2580127868,115557559
0,2582465451,115612864
0,2584803034,115536256
0,2587140609,115594224
0,2589478192,115644946
0,2591815768,115564327
0,2594153351,115618786
0,2596490934,115666437
0,2597681325,115458132
0,2600018901,115400865
0,2602356484,115350756
0,2604694067,115181911
0,2607031643,115159172
0,2609369226,115139275
0,2611706809,114996865
0,2614044384,114997256
0,2616381967,114997599
0,2618719550,114872899
0,2621057126,114888786
0,2623394709,114902687
0,2625732292,114789851
0,2628069868,114816119
0,2630407451,114839104
0,2632745034,114734216
0,2635082609,114767439
0,2637420192,114796509
0,2639757775,114696945
0,2642095351,114734826
0,2644432934,114767972
0,2646770517,114671975
0,2649108093,114712978
0,2651445676,114748855
0,2653783259,114530248
0,2656120834,114463967
0,2658458417,114280971
0,2660796000,114120849
0,2663133576,114105742
0,2665471159,113967524
0,2667808742,113846583
0,2670146318,113865760
0,2672483901,113757540
0,2674821476,113662847
0,2677159059,113704991
0,2679496642,113616867
0,2682981410,113664758
0,2685318993,113831663
0,2687656576,113852705
0,2689994151,113871116
0,2692331734,114012226
0,2694669317,114010697
0,2697006893,114134359
0,2699344476,114242564
0,2701682059,114212243
0,2704019635,114310712
0,2706357218,114396873
0,2708694801,114347263
0,2711032376,114428855
0,2713369960,114625248
0,2715707543,114672092
0,2718045118,114838080
0,2720382701,114983320
0,2722720284,114985405
0,2725057860,115112229
0,2727395443,115223200
0,2729733026,115195300
0,2732070602,115295887
0,2734408185,115383901
0,2736745768,115335913
0,2739083343,115418923
0,2740273735,115366557
0,2742611318,115195737
0,2744948894,115046269
0,2747286477,115040485
0,2749624060,114910424
0,2751961635,114796621
0,2754299219,114822043
0,2756636802,114719287
0,2758974377,114629376
0,2761311960,114675704
0,2763649543,114591241
0,2765987119,114517335
0,2768324702,114577668
0,2770662285,114505459
0,2772999861,114442276
0,2775337444,114511991
0,2777675027,114447992
0,2781159794,114641993
0,2783497377,114811743
0,2785834953,114835275
0,2788172536,114980865
0,2790510119,115108256
0,2792847695,115094724
0,2795185278,115207883
0,2797522861,115181897
0,2799860436,115034159
0,2802198019,115029889
0,2804535603,115026152
0,2806873178,114897883
0,2809210761,115160647
0,2811548344,115390566
0,2813885920,115466745
0,2816223503,115658401
0,2818561086,115826100
0,2820898662,115847837
0,2823236245,115991857
0,2825573828,116117874
0,2827911404,116103139
0,2830248987,116215246
0,2832586570,116313340
0,2834924145,116274172
0,2837261729,116364900
0,2839599312,116444287
0,2841936887,116388751
0,2844274470,116465157
0,2846612054,116532012
0,2848949629,116465510
0,2851287212,116532321
0,2853624795,116590780
0,2855962371,116516932
0,2858299954,116702315
0,2860637537,116864525
0,2862975113,117006459
0,2865312696,117130651
0,2867650279,117239319
0,2869987855,117334404
0,2872325438,117417603
0,2874663021,117490402
0,2877000597,117679101
0,2879338180,117719213
0,2881675763,117754311
0,2884013338,117910022
0,2886350922,117921269
0,2888688505,117931110
0,2891026080,118064721
0,2893363663,118056630
0,2895701247,118049551
0,2898038822,117918357
0,2900376405,117803562
0,2902713988,117703116
0,2905051564,117615226
0,2907389147,117538322
0,2909726730,117471031
0,2912064306,117412152
0,2914401889,117360633
0,2916739472,117315553
0,2919077048,117276108
0,2921414631,117241594
0,2923752214,117211394
0,2926089790,117184969
0,2928427373,117161847
0,2930764956,117141616
0,2933102532,117123914
0,2935440115,117108424
0,2937777698,117094871
0,2940115274,117083012
0,2942452857,117072635
0,2944790440,117063555
0,2947128015,117055610
0,2949465599,117048658
0,2951803182,117042575
0,2954140757,117037253
0,2956478341,117032596
0,2958815916,117028521
0,2961153499,117024955
0,2963491082,117021835
0,2965828658,117019105
0,2968166241,117016716
0,2970503824,117014626
0,2972841400,117012797
0,2975178983,117011197
0,2977516566,117009797
0,2979854142,117008572
0,2982191725,117007500
0,2984529308,117006562
0,2986866884,117005741
0,2989204467,117005023
0,2991542050,117004395
0,2993879626,116878845
0,2996217209,116893989
0,2998554792,116907240
0,3000892368,116793835
0,3003229951,116819605
0,3005567534,116842154
0,3007905110,116736884
0,3010242693,116769773
0,3012580276,116798551
0,3014917852,116698732
0,3017255435,116736390
0,3019593018,116769341
0,3021930594,116673173
0,3024268177,116714026
0,3026605760,116749772
0,3030090527,116906050
0,3032428110,117042793
0,3034765694,117162443
0,3037103269,117267137
0,3039440852,117358744
0,3041778436,117438901
0,3044116011,117509038
0,3046453594,117570408
0,3048791178,117624107
0,3051128753,117671093
0,3053466336,117712206
0,3055803920,117748180
0,3058141495,117779657
0,3060479078,117807199
0,3062816654,117831299
0,3065154237,117852386
0,3067491820,117870837
0,3069829396,117886982
0,3072166979,117901109
0,3074504562,117913470
0,3076842138,117924286
0,3079179721,117933750
0,3081517304,117942031
0,3083854880,117949277
0,3086192463,117955617
0,3087382855,117836164
0,3089720438,117731643
0,3092058014,117640187
0,3094395597,117560163
0,3096733180,117490142
0,3099070756,117428874
0,3101408339,117375264
0,3103745922,117328356
0,3106083498,117287311
0,3108421081,117251397
0,3110758664,117219972
0,3113096240,117192475
0,3115433823,117168415
0,3117771406,117147363
0,3120108982,117128942
0,3122446565,117112824
0,3124784148,117098721
0,3127121724,117086380
0,3129459307,117075582
0,3131796890,117066134
0,3134134466,117057867
0,3136472049,117050633
0,3138809625,117044303
0,3141147208,117038765
0,3143484791,117033919
0,3145822367,116779679
0,3148159950,116682219
0,3150497533,116596941
0,3152835109,116397323
0,3155172692,116347657
0,3157510275,116304199
0,3159847851,116141174
0,3162185434,116123527
0,3164523018,116108086
0,3166860593,115969575
0,3169198176,115973378
0,3171535760,115976705
0,3175020527,116104616
0,3177358110,116216539
0,3179695693,116314471
0,3182033269,116400162
0,3184370852,116475141
0,3186708435,116540748
0,3189046011,116598154
0,3191383594,116648384
0,3193721177,116692336
0,3196058753,116730794
0,3198396336,116764444
0,3200733920,116793888
0,3203071495,116819652
0,3205409079,116967195
0,3207746662,117096295
0,3210084237,117209258
0,3212421821,117308100
0,3214759404,117394587
0,3217096980,117470263
0,3219434563,117536480
0,3221772146,117594420
0,3224109722,117645117
0,3226447305,117689477
0,3228784888,117728292
0,3231122464,117762255
0,3232312855,117666973
0,3234650439,117583601
0,3236988014,117385650
0,3239325598,117337443
0,3241663181,117295262
0,3244000757,117258354
0,3246338340,117226059
0,3248675923,117197801
0,3251013499,117173075
0,3253351082,117151440
0,3255688665,117132510
0,3258026241,117115946
0,3260363824,117101452
0,3262701407,117088770
0,3265038983,117077673
0,3267376566,117067963
0,3269714149,117059467
0,3272051725,117052033
0,3274389308,117045528
0,3277874076,117164837
0,3280211659,117269232
0,3282549242,117360578
0,3284886818,117440505
0,3287224401,117510441
0,3289561984,117571635
0,3291899560,117375180
0,3294237143,117328282
0,3296574726,117287246
0,3298912302,117126340
0,3301249885,117110547
0,3303587469,117096728
0,3305925044,116959637
0,3308262628,117214682
0,3310600211,117437846
0,3312937787,117633115
0,3315275370,117803975
0,3317612953,117953478
0,3319950529,118084293
0,3322288112,118198756
0,3324625695,118298911
0,3326963271,118386547
0,3329300854,118463228
0,3331638437,118530324
0,3333976013,118589033
0,3336313596,118640403
0,3338651180,118685352
0,3340988755,118724683
0,3343326339,118759097
0,3345663922,118789209
0,3348001498,118940557
0,3350339081,118947987
0,3352676664,119079488
0,3355014240,119319552
0,3357351823,119529608
0,3359689406,119588407
0,3362026982,119764856
0,3364364565,119794249
0,3366702149,119819967
0,3369039724,119967471
0,3371377308,119971537
0,3373714891,119975094
0,3376052467,120103207
0,3378390050,120090306
0,3380727633,120079017
0,3383065209,120194139
0,3385402792,120169871
0,3387740375,120148637
0,3390077951,120255057
0,3392415534,120223174
0,3394753118,120195277
0,3397090693,120170867
0,3399428277,120024508
0,3401765860,119896444
0,3404103436,119909388
0,3406441019,119795714
0,3408778602,119696249
0,3411116178,119734217
0,3413453761,119642439
0,3415791344,119562134
0,3418128920,119616867
0,3420466503,119539758
0,3422804079,119472288
0,3425141663,119538252
0,3427479246,119470970
0,3429816822,119412098
0,3432154405,119485585
0,3434491988,119424886
0,3436829564,119371775
0,3439167147,119450303
0,3441504730,119394015
0,3443842306,119344763
0,3446179889,119426667
0,3448517473,119373333
0,3450855048,119326666
0,3453192632,119410832
0,3455530215,119359478
0,3457867791,119314543
0,3460205374,119400225
0,3462542957,119350196
0,3464880533,119306421
0,3467218116,119268118
0,3469555700,119234603
0,3471893275,119205277
0,3474230859,119179617
0,3476568442,119157164
0,3478906018,119137518
0,3481243601,119120328
0,3483581184,119105287
0,3485918760,119092126
0,3488256343,119080610
0,3490593927,119070533
0,3492931502,119061716
0,3495269086,119054001
0,3497606669,119047250
0,3499944245,119041343
0,3502281828,119036175
0,3504619411,119031653
0,3506956987,119027696
0,3509294570,119024234
0,3511632154,119021204
0,3513969729,119018553
0,3516307313,119016233
0,3518644896,119014203
0,3520982472,119012427
0,3524467247,119135873
0,3526804823,119243888
0,3529142406,119463402
0,3531479989,119530476
0,3533817565,119589166
0,3536155148,119765520
0,3538492731,119794830
0,3540830307,119820476
0,3543167891,119967916
0,3545505474,119971926
0,3547843050,119975435
0,3550180633,120103505
0,3552518216,120090566
0,3554855792,120079245
0,3557193375,120194339
0,3559530959,120170046
0,3561868534,120148790
0,3564206118,120255191
0,3566543701,120223292
0,3568881277,120195380
0,3571218860,120295957
0,3573556443,120258962
0,3575894019,120226591
0,3578231603,120323267
0,3580569186,120282858
0,3582906762,120247500
0,3584097153,120216562
0,3586434737,120064491
0,3588772320,119931429
0,3591109896,119940000
0,3593447479,119822500
0,3595785062,119719687
0,3598122638,119754726
0,3600460221,119660385
0,3602797805,119577836
0,3605135381,119630606
0,3607472964,119551780
0,3609810540,119482807
0,3612148123,119547456
0,3614485706,119479024
0,3616823282,119419146
0,3619160865,119491752
0,3621498449,119430283
0,3623836025,119376497
0,3626173608,119454434
0,3628511191,119397629
0,3630848767,119347925
0,3633186350,119429434
0,3635523934,119375754
0,3637861509,119328784
0,3640199093,119412686
0,3642536676,119236100
0,3644874252,119081587
0,3647211835,118946388
0,3649549418,118828089
0,3651886994,118724577
0,3654224578,118634004
0,3656562161,118554753
0,3658899737,118485408
0,3661237320,118424732
0,3663574903,118371640
0,3665912479,118325185
0,3669397254,118409536
0,3671734837,118483344
0,3674072413,118672926
0,3676409997,118713810
0,3678747580,118749583
0,3681085156,118905885
0,3683422739,118917649
0,3685760322,118927942
0,3688097898,119061949
0,3690435482,119054205
0,3692773065,119047429
0,3695110641,119166500
0,3697448224,119145687
0,3699785807,119127476
0,3702123383,119236541
0,3704460967,119331973
0,3706798550,119415476
0,3709136126,119613541
0,3711473709,119661848
0,3713811285,119704117
0,3716148868,119866102
0,3718486452,119882839
0,3720824028,119897484
0,3723161611,120035298
0,3725499194,120030885
0,3727836770,120027024
0,3729027162,120023646
0,3731364745,119895690
0,3733702328,119783728
0,3736039904,119810762
0,3738377488,119709416
0,3740715071,119620739
0,3743052647,119668146
0,3745390230,119584627
0,3747727813,119511548
0,3750065389,119572604
0,3752402973,119501028
0,3754740556,119438399
0,3757078132,119508599
0,3759415715,119445024
0,3761753298,119389396
0,3764090874,119465721
0,3766428458,119407505
0,3768766041,119356566
0,3771103617,119436995
0,3774588392,119507370
0,3776925968,119568948
0,3779263551,119747829
0,3781601134,119779350
0,3783938710,119806931
0,3786276294,119956064
0,3788613877,119836556
0,3790951453,119731986
0,3793289036,119640487
0,3795626620,119560426
0,3797964196,119490372
0,3800301779,119429075
0,3802639362,119375440
0,3804976938,119328510
0,3807314521,119662446
0,3809652105,119829640
0,3811989681,119975935
0,3814327264,120228943
0,3816664847,120325325
0,3819002423,120534659
0,3821340007,120717826
0,3823677590,120753097
0,3826015166,120908959
0,3828352749,121045339
0,3830690333,121039671
0,3833027909,121159712
0,3835365492,121264748
0,3837703075,121231654
0,3840040651,121327697
0,3842378234,121411734
0,3844715818,121360267
0,3847053394,121440233
0,3849390977,121510203
0,3851728560,121571427
0,3854066136,121749998
0,3856403720,121906248
0,3858741303,121917967
0,3861078879,122053221
0,3863416462,122171568
0,3865754046,122150122
0,3868091622,122256356
0,3870429205,122349311
0,3872766788,122305647
0,3875104364,122392441
0,3877441948,122468385
0,3879779531,122409836
0,3882117107,122483606
0,3884454690,122548155
0,3886792274,122479635
0,3889129850,122544680
0,3891467433,122601595
0,3893805009,122526395
0,3896142592,122460595
0,3898480175,122403020
0,3900817751,122227642
0,3903155335,122199186
0,3905492918,122174287
0,3907830494,122027501
0,3910168077,122024063
0,3912505661,122021055
0,3914843237,121893423
0,3917180820,121906745
0,3919518403,121918401
0,3921855979,121803600
0,3924193563,121828150
0,3926531146,121849631
0,3928868722,121743427
0,3931206305,121775498
0,3933543889,121803560
0,3935881465,121703115
0,3938219048,121740225
0,3940556632,121647696
0,3942894208,121566734
0,3945231791,121620892
0,3947569374,121543280
0,3949906950,121475370
0,3952244534,121540948
0,3954582117,121473329
0,3956919693,121414162
0,3959257276,121487391
0,3961594860,121426467
0,3963932436,121373158
0,3966270019,121451513
0,3968607602,121395073
0,3970945178,121345688
0,3973282762,121427477
0,3975620345,121374042
0,3977957921,121327286
0,3980295504,121411375
0,3982633088,121359953
0,3984970664,121314958
0,3987308247,121400588
0,3989645830,121350514
0,3991983406,121306699
0,3994320990,121393361
0,3996658573,121344190
0,3998996149,121301166
0,4001333733,121388520
0,4003671316,121339955
0,4006008892,121422460
0,4008346475,121494652
0,4010684059,121432820
0,4013021635,121503717
0,4015359218,121565752
0,4017696801,121495033
0,4020034377,121558153
0,4023519152,121738383
0,4025856728,121771085
0,4028194312,121924699
0,4030531895,122059111
0,4032869471,122051722
0,4035207055,122170256
0,4037544638,122273974
0,4039882214,122239727
0,4042219797,122334761
0,4044557381,122417915
0,4046894957,122365675
0,4049232540,122444965
0,4051570123,122514344
0,4053907700,122450051
0,4056245283,122518794
0,4058582866,122578944
0,4060920442,122506576
0,4063258026,122568254
0,4065595609,122622222
0,4067933185,122544444
0,4070270768,122601388
0,4072608352,122651214
0,4074945928,122569812
0,4077283511,122623585
0,4079621095,122670636
0,4081958671,122586806
0,4083149062,122513455
0,4085486646,122449273
0,4087824222,122268113
0,4090161805,122234598
0,4092499388,122205273
0,4094836965,122054613
0,4097174548,122047786
0,4099512131,122041812
0,4101849707,121911585
0,4104187291,121922636
0,4106524874,121932306
0,4108862450,121815767
0,4111200034,121838796
0,4113537617,121858946
0,4115875193,121751577
0,4118212776,121782629
0,4120550360,121809800
0,4122887936,121708575
0,4125225519,121745003
0,4127563103,121651877
0,4129900679,121570392
0,4132238262,121624093
0,4134575845,121546081
0,4136913421,121477820
0,4139251005,121543092
0,4141588588,121475205
0,4143926164,121290804
0,4146263748,121254453
0,4148601331,121097646
0,4150938907,120960440
0,4153276491,120965385
0,4155614074,120844711
0,4157951650,120739122
0,4160289233,120771731
0,4162626817,120675264
0,4164964393,120590856
0,4167301976,120641999
0,4170786751,120686749
0,4173124327,120850905
0,4175461911,120994541
0,4177799487,120995223
0,4180137070,121120820
0,4182474654,121230717
0,4184812230,121201877
0,4187149813,121301642
0,4189487397,121388936
0,4191824973,121340319
0,4194162556,121422779
0,4196500139,121494931
0,4198837716,121433064
0,4201175299,121503931
0,4203512882,121565939
0,4205850458,121620196
0,4208188042,121792671
0,4210525625,121943587
0,4212863201,121950638
0,4215200785,122081808
0,4217538368,122196582
0,4219875944,122172009
0,4222213528,122275507
0,4224551111,122366068
0,4226888687,122320309
0,4229226271,122405270
0,4230416662,122354611
0,4232754246,122185284
0,4235091822,122162123
0,4237429405,122141857
0,4239766989,121999124
0,4242104565,121999233
0,4244442148,121999328
0,4246779731,121874412
0,4249117308,121890110
0,4251454891,121903846
0,4253792474,121790865
0,4256130051,121817006
0,4258467634,121839880
0,4260805210,121734895
0,4263142793,121768033
0,4265480377,121797028
0,4267817953,121697399
0,4270155536,121735224
0,4273640311,121893321
0,4275977888,121906655
0,4278315471,122043323
0,4280653054,122162907
0,4282990631,122142543
0,4285328214,122249725
0,4287665797,122343509
0,4290003374,122425570
0,4292340957,122372373
0,4294678540,122200826
0,4297016116,122175722
0,4299353700,122153756
0,4301691283,122009536
0,4304028859,122008344
0,4306366443,122007301
0,4308704026,122256388
0,4311041602,122474339
0,4313379186,122665046
0,4315716769,122831915
0,4318054345,122977925
0,4320391929,123105684
0,4322729512,123217473
0,4325067088,123315288
0,4327404672,123400877
0,4329742255,123475767
0,4332079831,123541296
0,4334417415,123598634
0,4336754998,123648804
0,4339092574,123692703
0,4341430158,123731115
0,4343767741,123764725
0,4346105317,123794134
0,4348442901,123819867
0,4350780484,123842383
0,4353118060,123862085
0,4355455644,124004324
0,4357793227,124128783
0,4360130803,124237685
0,4362468387,124332974
0,4364805963,124416352
0,4367143546,124489308
0,4369481130,124553144
0,4371818706,124609001
0,4374156289,124657875
0,4376493873,124700640
0,4378831449,124738060
0,4381169032,124770802
0,4383506616,124799451
0,4385844192,124824519
0,4388181775,124846454
0,4390519359,124865647
0,4392856935,124882441
0,4395194518,124897135
0,4397532102,124784993
0,4399869678,124686868
0,4402207261,124601009
0,4404544845,124525882
0,4406882421,124460146
0,4409220005,124402627
0,4411557588,124352298
0,4413895164,124183260
0,4416232748,124160352
0,4418570331,124140308
0,4420907907,123997769
0,4423245491,123998047
0,4425583074,123998291
0,4427920650,123873504
0,4430258234,123889316
0,4432595817,123903151
0,4434933393,123790257
0,4437270977,123816474
0,4439608560,123839414
0,4441946136,123734487
0,4444283720,123767676
0,4446621303,123796716
0,4448958879,123697126
0,4451296463,123734985
0,4453634046,123768111
0,4455971623,123672097
0,4458309206,123713084
0,4460646789,123748948
0,4462984366,123655329
0,4465321949,123698412
0,4467659533,123736110
0,4469997109,123644096
0,4472334692,123688584
0,4474672276,123727511
0,4477009852,123761572
0,4479347435,123791375
0,4481685019,123817453
0,4484022595,123840271
0,4486360178,123860237
0,4488697762,123877707
0,4491035338,123892993
0,4493372922,123906368
0,4495710505,123918072
0,4498048081,123928313
0,4500385665,123937273
0,4502723248,123945113
0,4505060824,123951973
0,4507398408,123957976
0,4509735991,123963229
0,4512073567,123967825
0,4514411151,123971846
0,4516748734,123975365
0,4519086311,123978444
0,4522571086,124106138
0,4524908662,124217870
0,4527246245,124315636
0,4529583829,124401181
0,4531921405,124476033
0,4534258989,124541528
0,4536596572,124598837
0,4538934148,124648982
0,4541271732,124692859
0,4543609315,124731251
0,4545946891,124764844
0,4548284475,124794238
0,4550622058,124819958
0,4552959635,124842463
0,4555297218,124862155
0,4557634801,124879385
0,4559972378,124894461
0,4562309961,124907653
0,4564647545,124919196
0,4566985121,124929296
0,4569322704,124938134
0,4571660288,124945867
0,4573997864,124952633
0,4576335448,124958553
0,4578673031,124963733
0,4581010607,125093266
0,4583348191,125081607
0,4584538582,124946406
0,4586876159,124828105
0,4589213742,124724591
0,4591551326,124634017
0,4593888902,124554764
0,4596226485,124485418
0,4598564069,124424740
0,4600901645,124246647
0,4603239229,124215816
0,4605576812,124188839
0,4607914388,124040234
0,4610251972,124035204
0,4612589555,124030803
0,4614927131,123901952
0,4617264715,123914208
0,4619602298,123924932
0,4621939875,123809315
0,4624277458,123833150
0,4626615042,123854006
0,4628952618,123747255
0,4631290201,123778848
0,4633627785,123806492
0,4635965361,123705680
0,4638302945,123742470
0,4640640528,123774661
0,4642978104,123677828
0,4645315688,123593099
0,4647653271,123518961
0,4649990848,123329090
0,4652328431,123287953
0,4654666015,123251958
0,4657003591,123220463
0,4659341174,123192905
0,4661678758,123168791
0,4664016334,123147692
0,4666353918,123129230
0,4668691501,123113076
0,4672176269,123223941
0,4674513853,123320948
0,4676851429,123405829
0,4679189012,123480100
0,4681526596,123545087
0,4683864172,123601951
0,4686201756,123651707
0,4688539339,123695243
0,4690876915,123733337
0,4693214499,123766669
0,4695552082,123795835
0,4697889659,123821355
0,4700227242,123843685
0,4702564826,123863224
0,4704902402,123755321
0,4707239985,123785905
0,4709577569,123937666
0,4711915145,124070457
0,4714252729,124186649
0,4716590312,124288317
0,4718927888,124377277
0,4721265472,124455117
0,4723603055,124523227
0,4725940632,124582823
0,4728278215,124634970
0,4730615799,124680598
0,4732953375,124720523
0,4734143767,124630457
0,4736481350,124551649
0,4738818927,124482692
0,4741156510,124422355
0,4743494094,124369560
0,4745831670,124323365
0,4748169253,124282944
0,4750506837,124247576
0,4752844413,124216629
0,4755181997,124189550
0,4757519580,124165856
0,4759857157,124145124
0,4762194740,124126983
0,4764532324,124111110
0,4766869900,124097221
0,4769207483,124085068
0,4771545067,124074434
0,4773882643,124065129
0,4776220227,124056987
0,4778557810,124049863
0,4780895387,123918630
0,4783232970,123928801
0,4785570554,123937700
0,4789055322,124070487
0,4791392905,124186676
0,4793730489,124288341
0,4796068065,124252298
0,4798405648,124220760
0,4800743232,124193165
0,4803080808,124169019
0,4805418392,124147891
0,4807755975,124129404
0,4810093552,124113228
0,4812431135,124099074
0,4814768719,124086689
0,4817106295,124075852
0,4819443879,124066370
0,4821781462,124058073
0,4824119038,124425813
0,4826456622,124622586
0,4828794198,124794762
0,4831131782,125070416
0,4833469365,125186614
0,4835806942,125288287
0,4838144525,125502251
0,4840482109,125564469
0,4842819685,125618910
0,4845157269,125791546
0,4848642044,125942602
0,4850979620,126074776
0,4852170012,126190429
0,4854507595,126166625
0,4856845172,126145796
0,4859182755,126252571
0,4861520339,126345999
0,4863857915,126427749
0,4866195499,126624280
0,4868533082,126671245
0,4870870659,126712339
0,4873208242,126873296
0,4875545826,126889134
0,4877883402,126902992
0,4880220986,127040118
0,4882558569,127035103
0,4884896145,127030715
0,4887233729,127151875
0,4889571313,127132890
0,4891908889,127116278
0,4894246472,127226743
0,4896584056,127198400
0,4898921632,127173600
0,4901259216,127276900
0,4903596799,127242287
0,4905934376,127212001
0,4908271959,127310500
0,4909462351,127146687
0,4911799927,127003351
0,4914137511,126752932
0,4916475094,126533815
0,4918812671,126342088
0,4921150254,126174327
0,4923487838,126027536
0,4925825414,125899094
0,4928162998,125786707
0,4930500581,125688368
0,4932838158,125602322
0,4935175741,125527031
0,4937513325,125461152
0,4940998093,125528508
0,4943335677,125587444
0,4945673260,125639013
0,4948010836,125809136
0,4950348420,125832994
0,4952686004,125853869
0,4955023580,125997135
0,4957361163,125997493
0,4959698747,125997806
0,4962036323,126123080
0,4964373907,126107695
0,4966711490,126094233
0,4969049067,126207453
0,4971386650,126181521
0,4973724234,126033830
0,4976061810,126029601
0,4978399394,126025900
0,4980736977,126022662
0,4983074554,126144829
0,4985412137,126126725
0,4987749721,126110884
0,4990087297,126222023
0,4992424881,126194270
0,4994762464,126169986
0,4997100041,126273737
0,5000584816,126364519
0,5002922393,126443954
0,5004112784,126513459
0,5006450368,126449276
0,5008787951,126393116
0,5011125528,126468976
0,5013463111,126410354
0,5015800688,126359059
0,5018138271,126439176
0,5020475855,126384279
0,5022813431,126336244
0,5025151015,126419213
0,5027488598,126366811
0,5029826175,126320959
0,5032163758,126405839
0,5034501342,126355109
0,5036838918,126435720
0,5039176502,126631255
0,5041514086,126677348
0,5043851662,126717679
0,5046189245,126877969
0,5048526829,126893222
0,5050864405,126906569
0,5053201989,127043247
0,5055539573,127037841
0,5059024341,127283110
0,5061361924,127497721
0,5062552316,127435505
0,5064889893,127381066
0,5067227476,127333432
0,5069565060,127166753
0,5071902636,127020908
0,5074240220,126893294
0,5076577803,126781632
0,5078915380,126683928
0,5081252963,126598437
0,5083590547,126523632
0,5085928123,126458178
0,5088265707,126400905
0,5090603290,126350791
0,5094088059,126556942
0,5096425642,126612324
0,5098763226,126660783
0,5101100802,126828185
0,5103438386,126849661
0,5105775969,126868453
0,5108113546,127009896
0,5110451129,127008659
0,5112788713,127007576
0,5115126289,127131629
0,5117463873,127115175
0,5119801449,127100778
0,5120991841,126963180
0,5123329425,126842782
0,5125667008,126612434
0,5128004585,126535879
0,5130342168,126468894
0,5132679752,126410282
0,5135017328,126483996
0,5137354912,126423496
0,5139692496,126370559
0,5142030072,126449239
0,5144367656,126393084
0,5146705239,126343948
0,5149042816,126425954
0,5152527591,126497709
0,5154865167,126560495
0,5156055559,126615433
0,5158393143,126538503
0,5160730727,126471190
0,5163068303,126537291
0,5165405887,126470129
0,5167743470,126411362
0,5170081047,126484941
0,5172418630,126424323
0,5174756214,126371282
0,5177093790,126449871
0,5179431374,126393637
0,5181768957,126344432
0,5184106534,126176378
0,5186444117,126029330
0,5188781701,126025663
0,5191119278,126147455
0,5193456861,126129023
0,5195794438,126112895
0,5198132021,126223783
0,5200469605,126195810
0,5202807181,126171333
0,5205144765,126274916
0,5208629540,126365551
0,5210967117,126444857
0,5213304700,126639249
0,5214495092,126559342
0,5216832669,126489424
0,5219170252,126303246
0,5221507836,126140340
0,5223845412,125997797
0,5226182996,125873072
0,5228520580,125763938
0,5230858156,125668445
0,5233195740,125584889
0,5235533323,125511777
0,5237870900,125447804
0,5240208483,125391828
0,5243693259,125467849
0,5246030835,125659367
0,5248368419,125951946
0,5250706002,126082952
0,5253043579,126322583
0,5255381162,126407260
0,5257718746,126481352
0,5260056323,126671183
0,5262393906,126712285
0,5264731490,126748249
0,5267069066,126904717
0,5269406650,126916627
0,5270597042,126802048
0,5272934618,126701792
0,5275272202,126614068
0,5277609785,126412309
0,5279947362,126235770
0,5282284946,126206298
0,5284622529,126180510
0,5286960106,126157946
0,5289297689,126138202
0,5291635273,126120926
0,5293972849,126105810
0,5296310433,126092583
0,5298648017,126081010
0,5302132785,126320883
0,5304470369,126405772
0,5306807945,126480050
0,5309145529,126670043
0,5311483112,126711287
0,5313820689,126747376
0,5316158272,126903954
0,5318495856,126915959
0,5320833433,126926464
0,5323171016,127060656
0,5325508600,127053074
0,5327846176,127046439
0,5330183760,127165634
0,5332521344,127144929
0,5334858920,127001812
0,5337196504,127001585
0,5339534087,126876386
0,5341871664,126891837
0,5344209247,127030357
0,5346546831,127026562
0,5348884408,127023241
0,5351221991,127145335
0,5353559575,127127168
0,5355897151,127111272
0,5358234735,127222363
0,5360572319,127194567
0,5362909895,127170246
0,5365247479,127523965
0,5367585062,127833469
0,5369922639,127979285
0,5372260223,128106874
0,5374597806,128093514
0,5376935383,128081824
0,5379272966,128196596
0,5381610550,128172021
0,5383948127,128150518
0,5386285710,128256703
0,5388623294,128224615
0,5390960870,128196538
0,5393298454,128296970
0,5395636038,128259848
0,5397973614,128227367
0,5400311198,128448946
0,5402648782,128642827
0,5404986358,128687473
0,5407323942,128851538
0,5409661525,128995095
0,5411999102,128995708
0,5414336686,129121244
0,5416674269,129231088
0,5419011846,129327202
0,5421349429,129411301
0,5423687013,129484888
0,5426024590,129549277
0,5428362173,129605617
0,5430699757,129404914
0,5433037333,129354299
0,5435374917,129310011
0,5437712501,129146259
0,5440050077,129127976
0,5442387661,129111979
0,5444725245,128972981
0,5447062821,128976358
0,5449400405,128979313
0,5451737988,128856898
0,5454075565,128874785
0,5456413149,128890436
0,5458750732,128779131
0,5461088309,128806739
0,5463425892,128830896
0,5465763476,128727034
0,5468101053,128761154
0,5470438636,128791009
0,5472776220,128692132
0,5475113797,128730615
0,5477451380,128764288
0,5479788957,128668752
0,5482126540,128710158
0,5484464124,128746388
0,5486801701,128653089
0,5489139284,128696452
0,5491476868,128734395
0,5493814445,128642595
0,5496152028,128687270
0,5498489612,128726361
0,5500827188,128635565
0,5503164772,128681119
0,5505502356,128720979
0,5507839932,128630856
0,5510177516,128676999
0,5512515100,128717374
0,5514852676,128627702
0,5517190260,128674239
0,5519527844,128714959
0,5521865420,128625589
0,5524203004,128672390
0,5526540588,128713341
0,5528878164,128624173
0,5531215748,128671151
0,5533553331,128712257
0,5535890908,128623224
0,5538228492,128670321
0,5540566075,128711530
0,5542903652,128622588
0,5545241236,128669764
0,5547578819,128586043
0,5549916396,128512787
0,5552253980,128573688
0,5554591563,128501977
0,5556929140,128439229
0,5559266724,128509325
0,5561604307,128445659
0,5563941884,128389951
0,5566279467,128466207
0,5568617051,128407931
0,5570954628,128356939
0,5573292211,128437321
0,5575629795,128382655
0,5577967372,128334823
0,5580304955,128417970
0,5582642539,128365723
0,5584980116,128320007
0,5587317699,128405006
0,5589655283,128354380
0,5591992860,128310082
0,5595477635,128521321
0,5597815212,128581155
0,5600152795,128758510
0,5602490379,128913696
0,5604827956,128924484
0,5607165539,129058923
0,5609503123,129176557
0,5611840700,129154487
0,5614178283,129260176
0,5616515867,129352654
0,5618853444,129308572
0,5621191027,129395000
0,5623528611,129470625
0,5625866188,129411796
0,5628203771,129485321
0,5630541355,129549655
0,5632878932,129480948
0,5635216515,129545829
0,5637554099,129602600
0,5639891676,129527275
0,5642229259,129586365
0,5644566843,129638069
0,5646904420,129558310
0,5649242003,129613521
0,5651579587,129661830
0,5653917164,129579101
0,5656254747,129631713
0,5658592331,129677748
0,5659782723,129468029
0,5662120300,129409525
0,5664457883,129358334
0,5666795460,129188542
0,5669133044,129164974
0,5671470627,129144352
0,5673808204,129001308
0,5676145788,129001144
0,5678483371,129001001
0,5680820948,128875875
0,5683158532,128891390
0,5685496115,128904966
0,5687833692,128791845
0,5690171276,128817864
0,5692508859,128840631
0,5694846436,128735552
0,5697184020,128768608
0,5699521604,128797532
0,5701859180,128697840
0,5704196764,128735610
0,5706534348,128768658
0,5708871924,128672575
0,5711209508,128713503
0,5713547092,128749315
0,5715884668,128655650
0,5718222252,128698693
0,5720559836,128736356
0,5722897412,128519311
0,5725234996,128454397
0,5727572580,128272597
0,5729910156,128113522
0,5732247740,128099331
0,5734585324,127961914
0,5736922900,127841674
0,5739260484,127861464
0,5741598068,127753781
0,5743935645,127659558
0,5747420420,127827113
0,5749758004,127848723
0,5752095581,127992632
0,5754433164,128118553
0,5756770748,128103733
0,5759108325,128215766
0,5761445908,128313795
0,5763783492,128274570
0,5766121069,128365248
0,5768458652,128444592
0,5770796229,128389018
0,5773133813,128465390
0,5775471397,128532216
0,5777808973,128465689
0,5780146557,128532477
0,5782484141,128590917
0,5784821717,128517052
0,5787159301,128577420
0,5789496885,128755242
0,5791834461,128785836
0,5794172045,128937606
0,5796509629,129070405
0,5798847206,129061604
0,5801184789,129178903
0,5803522373,129281540
0,5805859950,129246347
0,5808197533,129340553
0,5810535117,129422983
0,5811725509,129245110
0,5814063086,129214471
0,5816400669,129187662
0,5818738253,129039204
0,5821075830,129034303
0,5823413414,129030015
0,5825750997,128901263
0,5828088574,128913605
0,5830426158,128924404
0,5832763742,128808853
0,5835101318,128832746
0,5837438902,128853652
0,5839776486,128746945
0,5842114062,128778576
0,5844451646,128806254
0,5846789223,128705472
0,5849126807,128742288
0,5851464390,128774502
0,5853801967,128677689
0,5856139551,128717977
0,5858477134,128753229
0,5860814711,128659075
0,5863152295,128701690
0,5866637071,128863978
0,5868974647,128880980
0,5871312231,129020857
0,5873649815,129143249
0,5875987391,129000342
0,5878324975,129000299
0,5880662559,128875261
0,5883000136,128890853
0,5885337719,128904496
0,5887675303,128791434
0,5890012880,128817504
0,5892350464,128840316
0,5894688047,128735276
0,5897025624,128768366
0,5899363208,128797320
0,5901700792,128697655
0,5904038368,128735448
0,5906375952,129018517
0,5908713536,129266202
0,5911051112,129482926
0,5913388696,129672560
0,5915726280,129838490
0,5918063857,129983678
0,5920401440,130110718
0,5922739024,130221878
0,5925076601,130319143
0,5928561377,130529250
0,5930898953,130713093
0,5932089345,130748956
0,5934426929,130780336
0,5936764513,130807794
0,5939102089,130831819
0,5941439673,130852841
0,5943777257,130996235
0,5946114834,131121705
0,5948452417,131231491
0,5950789994,131327554
0,5953127578,131411609
0,5955465162,131485157
0,5957802738,131549512
0,5960140322,131605823
0,5962477906,131655095
0,5964815483,131698208
0,5967153066,131735932
0,5969490650,131768940
0,5971828227,131797822
0,5974165811,131823094
0,5976503394,131845207
0,5978840971,131864556
0,5981178555,131881486
0,5983516139,131896300
0,5985853715,131909262
0,5988191299,131920604
0,5990528883,131930528
0,5991719275,131814212
0,5994056852,131712435
0,5996394435,131498380
0,5998732019,131311082
0,6001069596,131147196
0,6003407180,131003796
0,6005744763,130878321
0,6008082340,130768530
0,6010419924,130672463
0,6012757508,130463405
0,6015095084,130405479
0,6017432668,130354794
0,6020917437,130310444
0,6023255021,130396638
0,6025592604,130472058
0,6027930181,130413050
0,6030267765,130486418
0,6032605349,130550615
0,6034942925,130481788
0,6037280509,130546564
0,6039618093,130603243
0,6041955670,130527837
0,6044293254,130586857
0,6046630837,130638499
0,6048968414,130558686
0,6051305998,130613850
0,6053643582,130662118
0,6055981158,130579353
0,6058318742,130506933
0,6060656326,130443566
0,6062993903,130388120
0,6065331487,130464605
0,6067669070,130531529
0,6070006647,130590087
0,6072344231,130641326
0,6074681815,130686160
0,6077019391,130725390
0,6079356975,130759716
0,6082841744,130914751
0,6085179328,131050407
0,6086369720,131044106
0,6088707303,131038592
0,6091044880,131033768
0,6093382464,131029547
0,6095720048,131025853
0,6098057625,131022621
0,6100395208,131019793
0,6102732792,131017318
0,6105070369,131015153
0,6107407953,131013258
0,6109745537,131011600
0,6112083113,131010150
0,6114420697,131008881
0,6116758281,131007770
0,6119095858,131006798
0,6121433441,131005948
0,6123771025,131130204
0,6126108602,131238928
0,6128446186,131334062
0,6130783770,131417304
0,6133121346,131490141
0,6136606122,131678873
0,6138943699,131844013
0,6141281283,131988511
0,6143618867,132114947
0,6145956443,132225578
0,6147146835,132197380
0,6149484419,132172707
0,6151821996,132026118
0,6154159580,131897853
0,6156497163,131785621
0,6158834740,131687418
0,6161172324,131601490
0,6163509908,131526303
0,6165847485,131460515
0,6168185068,131402950
0,6170522652,131352581
0,6172860229,131308508
0,6176345005,131394944
0,6178682589,131470576
0,6181020165,131661754
0,6183357749,131704034
0,6185695333,131741029
0,6188032910,131898400
0,6190370494,131911100
0,6192708078,131922212
0,6195045654,132056935
0,6197383238,132049818
0,6199720822,132043590
0,6200911207,131788141
0,6203248791,131689623
0,6205586375,131603420
0,6207923951,131402992
0,6210261535,131352618
0,6212599119,131183540
0,6214936696,130910597
0,6217274280,130921772
0,6219611863,130931550
0,6221949440,130815106
0,6224287024,130838217
0,6226624608,130858439
0,6228962185,130751134
0,6231299769,130782242
0,6233637352,130809461
0,6237122121,130958278
0,6239459705,131088493
0,6240650097,131077431
0,6242987674,130942752
0,6245325257,130949908
0,6247662841,130956169
0,6250000418,130961647
0,6252338002,130966441
0,6254675586,130970635
0,6257013163,130974305
0,6259350746,130977516
0,6261688330,130980326
0,6264025907,130982785
0,6266363491,130859936
0,6268701075,130752444
0,6271038652,130658388
0,6273376235,130576089
0,6275713819,130504077
0,6278051396,130566067
0,6280388980,130620308
0,6282726564,130667769
0,6285064141,130709297
0,6287401724,130745634
0,6290886493,130902429
0,6293224077,131039625
0,6295561661,131159671
0,6297899238,131264712
0,6300236822,131356623
0,6301427214,131312045
0,6303764797,131273039
0,6306102374,131113909
0,6308439958,130974670
0,6310777542,130727836
0,6313115119,130636856
0,6315452703,130557249
0,6317790279,130362592
0,6320127863,130317268
0,6322465447,130277609
0,6324803024,130117907
0,6327140608,130103168
0,6330625384,130215272
0,6332962960,130438363
0,6335300544,130633567
0,6337638128,130804371
0,6339975705,130953824
0,6342313289,131084596
0,6344650873,131199021
0,6346988450,131299143
0,6349326033,131386750
0,6351663617,131463406
0,6354001194,131655480
0,6355191586,131573545
0,6357529170,131501851
0,6359866747,131439119
0,6362204331,131384229
0,6364541914,131336200
0,6366879491,131044175
0,6369217075,130913653
0,6371554659,130924446
0,6373892236,130933890
0,6376229820,130942153
0,6378567404,130949383
0,6380904980,130830710
0,6383242564,130851871
0,6385580148,130870387
0,6387917725,130761588
0,6391402501,130916389
0,6393740085,131051840
0,6396077662,131170360
0,6398415245,131274065
0,6400752829,131364806
0,6403090406,131444205
0,6405427990,131513679
0,6407765574,131574469
0,6410103151,131627660
0,6412440735,131674202
0,6414778319,131714926
0,6417115895,131750560
0,6419453479,131781740
0,6421791056,131684022
0,6424128640,131598519
0,6426466224,131523704
0,6428803801,131458241
0,6431141385,131400960
0,6433478969,131475840
0,6435816545,131541360
0,6438154129,131598690
0,6440491713,131648853
0,6442829290,131692746
0,6445166874,131731152
0,6447504458,132014758
0,6449842035,132262913
0,6453326811,132730048
0,6455664394,133013792
0,6456854779,133137068
0,6459192363,133369934
0,6461529947,133448692
0,6463867524,133392605
0,6466205108,133468529
0,6468542692,133409962
0,6470880269,133358716
0,6473217853,133438876
0,6475555436,133384016
0,6477893013,133336014
0,6480230597,133419012
0,6482568181,133366635
0,6484905758,133320805
0,6487243342,133280704
0,6489580926,133370616
0,6491918503,133449289
0,6494256087,133643127
0,6496593670,133687736
0,6498931247,133726769
0,6501268831,133885922
0,6503606415,133900181
0,6505943992,133912658
0,6508281576,134048575
0,6510619160,134042503
0,6512956737,134037190
0,6515294321,134157541
0,6517631905,134137848
0,6518822289,133995617
0,6521159873,133996164
0,6523497457,133746643
0,6525835034,133528312
0,6528172618,133337273
0,6530510202,133170113
0,6532847779,133023848
0,6535185363,132895867
0,6537522947,132783883
0,6539860524,132685897
0,6542198107,132600159
0,6545682883,132650139
0,6548020460,132818871
0,6550358044,132841512
0,6552695628,132861323
0,6555033205,133003657
0,6557370789,133003199
0,6559708373,133002799
0,6562045950,133127449
0,6564383534,133111517
0,6566721118,133097577
0,6569058694,133210379
0,6571396278,133184081
0,6573733862,133161070
0,6576071439,133265936
0,6578409023,133232694
0,6580746607,133203607
0,6583084184,133303156
0,6585421768,133140261
0,6587759352,132997728
0,6590096929,133123012
0,6592434513,133107635
0,6594772097,133094180
0,6597109673,133207407
0,6599447257,133181481
0,6601784834,133158795
0,6604122418,133263945
0,6606460002,133230951
0,6609944771,133327082
0,6611135163,133411196
0,6613472747,133359796
0,6615810324,133314821
0,6618147908,133400468
0,6620485492,133350409
0,6622823069,133306607
0,6625160653,133393281
0,6627498236,133344120
0,6629835813,133301105
0,6632173397,133388466
0,6634510981,133339907
0,6636848558,133297418
0,6639186142,133385240
0,6641523726,133337085
0,6643861303,133294949
0,6646198887,133383080
0,6648536471,133335195
0,6650874048,133293295
0,6653211632,133506633
0,6655549216,133568303
0,6657886793,133622265
0,6660224376,133794481
0,6662561960,133820170
0,6664899537,133842648
0,6667237121,133987317
0,6669574705,133988902
0,6671912282,133990289
0,6674249866,134116502
0,6676587450,134101939
0,6678925027,133964196
0,6681262611,133843671
0,6683600195,133738212
0,6685937772,133645935
0,6688275356,133565193
0,6690612940,133494543
0,6692950517,133432725
0,6695288101,133378634
0,6697625685,133331304
0,6701110453,133539891
0,6703448037,133597404
0,6705785614,133647728
0,6708123198,133816762
0,6710460782,133839666
0,6712798359,133859707
0,6715135943,134002243
0,6717473527,134001962
0,6719811104,134001716
0,6722148688,134126501
0,6724486272,134110688
0,6726823849,134096852
0,6729161433,134209745
0,6731499017,134183526
0,6733836594,134160585
0,6736174178,134265511
0,6738511762,134232322
0,6740849339,134203281
0,6743186923,134177870
0,6745524507,134155636
0,6747862084,134136181
0,6750199667,134244158
0,6752537251,134213638
0,6754874828,134186933
0,6757212412,134288566
0,6759549996,134252495
0,6761887573,134220933
0,6764225157,134318316
0,6766562741,134278526
0,6767753133,134118710
0,6770090710,134103871
0,6772428294,133965887
0,6774765878,133845151
0,6777103455,133864507
0,6779441039,133756443
0,6781778623,133661887
0,6784116200,133704151
0,6786453784,133616132
0,6788791361,133539115
0,6791128945,133596725
0,6793466529,133522134
0,6795804106,133456867
0,6798141690,133524758
0,6800479274,133459163
0,6802816851,133401767
0,6805154435,133476546
0,6807492019,133416977
0,6809829596,133364854
0,6812167180,133444247
0,6814504764,133388716
0,6816842341,133340126
0,6819179925,133422610
0,6821517509,133369783
0,6823855086,133323560
0,6826192670,133408115
0,6828530254,133357100
0,6830867830,133312462
0,6833205414,133148404
0,6835542998,133004853
0,6837880575,132879246
0,6840218159,132769340
0,6842555743,132673172
0,6844893320,132589025
0,6847230904,132515396
0,6849568488,132450971
0,6851906065,132394599
0,6854243649,132345274
0,6857728425,132427114
0,6860066002,132623724
0,6862403586,132670758
0,6864741170,132711913
0,6867078747,132872923
0,6869416331,132888807
0,6871753915,132902706
0,6874091492,133039867
0,6876429076,133034883
0,6878766660,133030522
0,6881104237,133151706
0,6883441821,133132742
0,6885779398,133116149
0,6888116982,133226630
0,6890454566,133198301
0,6892792143,133173513
0,6895129727,133276823
0,6897467311,133242220
0,6899804888,133211942
0,6902142472,133435449
0,6904480056,133506017
0,6906817633,133567764
0,6909155217,133746793
0,6911492801,133778443
0,6913830378,133806137
0,6916167962,133955369
0,6918505546,133960947
0,6920843123,133965828
0,6923180707,134095099
0,6925518291,134083211
0,6927855868,134072809
0,6930193452,134188707
0,6932531036,134165118
0,6934868613,134144478
0,6937206197,134251418
0,6939543781,134219990
0,6941881358,134192491
0,6944218942,134293429
0,6946556526,134256750
0,6948894103,134224656
0,6951231687,134321574
0,6953569271,134281377
0,6955906848,134246204
0,6958244432,134340428
0,6960582016,134297874
0,6962919593,134260639
0,6965257177,134353059
0,6967594761,134308926
0,6969932338,134270310
0,6972269922,134361521
0,6974607506,134316330
0,6976945084,134276788
0,6979282668,134367189
0,6981620252,134321290
0,6983957829,134281128
0,6986295413,134370987
0,6988632997,134699613
0,6990970574,134862161
0,6993308158,135004390
0,6995645742,135003841
0,6997983319,135003360
0,7000320903,135127940
0,7002658487,135111947
0,7004996064,135097953
0,7007333648,135210708
0,7009671232,135184369
0,7012008809,135286322
0,7014346393,135375531
0,7016683977,135328589
0,7019021554,135412515
0,7021359138,135485950
0,7023696722,135425206
0,7026034299,135497055
0,7028371883,135559923
0,7030709467,135489932
0,7033047044,135553690
0,7035384628,135609478
0,7037722212,135533293
0,7040059789,135591631
0,7042397373,135642677
0,7044734957,135562342
0,7047072534,135617049
0,7049410118,135664917
0,7051747702,135581802
0,7054085280,135634076
0,7056422864,135679816
0,7058760448,135594839
0,7061098025,135645484
0,7063435609,135689798
0,7065773193,135603573
0,7068110770,135653126
0,7070448354,135696485
0,7072785931,135609424
0,7075123515,135658246
0,7077461099,135700965
0,7079798676,135613344
0,7082136260,135661676
0,7084473844,135703966
0,7086811421,135615970
0,7089149005,135663973
0,7091486589,135705976
0,7093824166,135617729
0,7096161750,135665512
0,7098499334,135707323
0,7100836911,135618907
0,7103174495,135666543
0,7105512080,135708225
0,7107849657,135619696
0,7110187241,135667234
0,7112524825,135708829
0,7114862402,135620225
0,7117199986,135667696
0,7119537570,135709234
0,7121875147,135620579
0,7124212731,135668006
0,7126550315,135709505
0,7128887892,135620816
0,7131225476,135668214
0,7133563060,135709687
0,7135900637,135620976
0,7138238221,135668354
0,7140575805,135709809
0,7142913382,135621082
0,7145250967,135668446
0,7147588551,135584890
0,7149926128,135511778
0,7152263712,135572805
0,7154601296,135501204
0,7156938873,135438553
0,7159276457,135508733
0,7161614041,135445141
0,7163951618,135389498
0,7166289202,135465810
0,7168626786,135407583
0,7170964363,135356635
0,7173301947,135437055
0,7175639531,135382423
0,7177977109,135334620
0,7180314693,135417792
0,7182652277,135365568
0,7184989854,135319872
0,7187327438,135404888
0,7189665022,135354277
0,7192002599,135434992
0,7194340183,135505618
0,7196677767,135442415
0,7199015344,135512113
0,7201352928,135573098
0,7203690512,135501460
0,7206028089,135563777
0,7208365673,135618304
0,7210703258,135541016
0,7213040835,135598389
0,7215378419,135648590
0,7217716003,135567516
0,7220053580,135621576
0,7222391164,135668879
0,7224728748,135585269
0,7227066325,135637110
0,7229403909,135682471
0,7231741493,135597162
0,7234079070,135647516
0,7236416654,135691576
0,7239901424,135730129
0,7242239008,135888862
0,7244576592,136027754
0,7246914169,136024284
0,7249251753,136146248
0,7251589337,136252967
0,7253926914,136221346
0,7256264498,136318677
0,7258602082,136403842
0,7260939659,136353361
0,7263277244,136434190
0,7265614828,136504916
0,7267952405,136441801
0,7270289989,136511575
0,7272627573,136572628
0,7274965150,136501049
0,7277302734,136563417
0,7279640318,136617989
0,7281977895,136540740
0,7284315479,136598147
0,7286653064,136648378
0,7288990641,136567330
0,7291328225,136621413
0,7293665809,136668736
0,7296003386,136710144
0,7298340970,136746376
0,7300678554,136778079
0,7303016131,136805819
0,7305353715,136830091
0,7306544107,136726329
0,7308881685,136510537
0,7311219269,136446719
0,7313556853,136390879
0,7315894430,136217019
0,7318232014,136189891
0,7320569598,136166154
0,7322907175,136020384
0,7325244759,136017836
0,7327582343,135890606
0,7329919921,135779280
0,7332257505,135806870
0,7334595089,135706011
0,7336932666,135617759
0,7339270250,135665539
0,7341607834,135582346
0,7343945411,135509552
0,7346282995,135570858
0,7348620579,135499500
0,7350958157,135437062
0,7353295741,135507429
0,7355633325,135444000
0,7357970902,135388500
0,7360308486,135464937
0,7362646070,135406819
0,7364983647,135355966
0,7367321231,135436470
0,7369658816,135381911
0,7371996393,135334172
0,7374333977,135292400
0,7376671561,135130850
0,7379009138,135114493
0,7381346722,135100181
0,7383684306,134962658
0,7386021883,134967325
0,7388359468,134971409
0,7390697052,134849982
0,7393034629,134868734
0,7396519405,135010142
0,7398856982,135008874
0,7401194566,135132764
0,7403532150,135241168
0,7405869728,135211022
0,7408207312,135309644
0,7410544896,135395938
0,7412882473,135346445
0,7415220057,135428139
0,7417557641,135499621
0,7419895218,135437168
0,7422232802,135507522
0,7424570387,135569081
0,7426907964,135497945
0,7429245548,135560701
0,7431583132,135490613
0,7433920709,135429286
0,7436258293,135500625
0,7438595877,135438046
0,7440933455,135383290
0,7443271039,135585378
0,7445608623,135762205
0,7447946200,135791929
0,7450283784,135942937
0,7452621368,136075069
0,7454958945,136065685
0,7457296530,136182474
0,7459634114,136284664
0,7461971691,136249081
0,7463162083,136217945
0,7465499667,136190701
0,7467837244,136041863
0,7470174828,136036630
0,7472512413,136032051
0,7474849990,135903044
0,7477187574,135915163
0,7479525158,135925767
0,7481862735,135810046
0,7484200319,135833790
0,7486537903,135854566
0,7488875481,135747745
0,7491213065,135779276
0,7493550649,135806866
0,7495888226,135706007
0,7498225810,135742756
0,7500563394,135774911
0,7502900972,135678047
0,7505238556,135718291
0,7507576140,135753504
0,7509913717,135659316
0,7512251301,135701901
0,7514588885,135614163
0,7516926463,135537392
0,7519264047,135595218
0,7521601631,135520815
0,7523939208,135455713
0,7526276792,135523748
0,7528614376,135458279
0,7532099146,135525994
0,7534436730,135585244
0,7536774314,135512088
0,7539111891,135573077
0,7541449475,135626442
0,7543787052,135548136
0,7546124637,135604619
0,7548462221,135654041
0,7550799798,135572285
0,7553137382,135625749
0,7555474966,135672530
0,7557812543,135588463
0,7560150128,135639905
0,7562487712,135684916
0,7564825289,135599301
0,7567162873,135649388
0,7569500457,135693214
0,7571838035,135606562
0,7574175619,135655741
0,7576513203,135698773
0,7578850780,135986426
0,7581188364,136238122
0,7583525948,136458356
0,7585863526,136651061
0,7588201110,136819678
0,7590538694,136967218
0,7592876271,137096315
0,7596361047,137334275
0,7598698632,137542490
0,7599889017,137599678
0,7602226601,137774718
0,7604564185,137927878
0,7606901762,138061893
0,7609239346,138179156
0,7611576931,138281761
0,7613914508,138371540
0,7616252092,138450097
0,7618589676,138518834
0,7620927253,138578979
0,7623264838,138631606
0,7625602422,138677655
0,7627939999,138717948
0,7630277583,138753204
0,7632615167,138784053
0,7634952745,138811046
0,7637290329,138834665
0,7639627913,138855331
0,7641965490,138873414
0,7644303074,138889237
0,7646640658,138903082
0,7648978236,138915196
0,7651315820,138925796
0,7653653404,138935071
0,7655990981,138943187
0,7658328565,138950288
0,7660666150,138956502
0,7663003727,139086939
0,7664194119,138951071
0,7666531703,138832187
0,7668869280,138478163
0,7671206865,138293392
0,7673544449,138131718
0,7675882026,137865253
0,7678219610,137757096
0,7680557194,137662459
0,7682894772,137454651
0,7685232356,137397819
0,7688717132,137473091
0,7691054709,137538954
0,7693392294,137596584
0,7695729878,137647011
0,7698067455,137691134
0,7700405039,137729742
0,7702742623,137763524
0,7705080201,137793083
0,7707417785,137818947
0,7709755369,137841578
0,7712092946,137861380
0,7714430530,137878707
0,7716768115,137893868
0,7719105692,137907134
0,7721443276,137918742
0,7723780853,137928899
0,7726118438,137937786
0,7728456022,137945562
0,7730793599,137952366
0,7733131183,137833320
0,7735468767,137729155
0,7737806345,137763010
0,7740143929,137792633
0,7742481513,137818553
0,7744819090,137841233
0,7747156675,137861078
0,7749494259,137878443
0,7751831836,137893637
0,7755316612,138031932
0,7756507004,138027940
0,7758844582,138024447
0,7761182166,138021391
0,7763519750,138018717
0,7765857327,138016377
0,7768194912,138014329
0,7770532496,138012537
0,7772870073,138010969
0,7775207657,138009597
0,7777545241,138008397
0,7779882819,138007347
0,7782220403,138006428
0,7784557987,138005624
0,7786895564,138004921
0,7789233149,138004305
0,7791570733,138003766
0,7793908310,138003295
0,7796245894,138002883
0,7798583479,138002522
0,7800921056,137877206
0,7803258640,138017555
0,7805596224,138140360
0,7807933802,138247815
0,7810271386,138341838
0,7812608970,138424108
0,7814946547,138496094
0,7817284131,138559082
0,7819621716,138614196
0,7821959293,138662421
0,7824296877,138704618
0,7826634461,138616540
0,7828972039,138414472
0,7831309623,138362663
0,7833647207,138317330
0,7835984784,138152663
0,7838322369,138133580
0,7840659953,138116882
0,7842997530,137977271
0,7846482307,138105112
0,7848819884,138216973
0,7851157468,138314851
0,7853495052,138400494
0,7855832630,138475432
0,7858170214,138541003
0,7860507798,138598377
0,7862845375,138648579
0,7865182960,138692506
0,7867520544,138730942
0,7869858121,138764574
0,7872195705,138794002
0,7874533290,138819751
0,7876870867,138842282
0,7879208451,138861996
0,7881546035,138879246
0,7883883613,138894340
0,7886221197,138907547
0,7888558781,138919103
0,7890896358,138929215
0,7893233943,138813063
0,7895571527,138836430
0,7897909104,138856876
0,7900246688,138874766
0,7902584273,138890420
0,7904921850,138904117
0,7907259434,138916102
0,7909597018,138926589
0,7911934596,138935765
0,7914272180,138943794
0,7915462572,138825819
0,7917800149,138722591
0,7920137734,138632267
0,7922475318,138553233
0,7924812895,138484078
0,7927150480,138423568
0,7929488064,138370622
0,7931825641,138324294
0,7934163225,138283757
0,7936500810,138248287
0,7938838387,138217251
0,7941175971,138190094
0,7943513555,138166332
0,7945851133,138145540
0,7948188717,138127347
0,7950526301,138111428
0,7952863879,138097499
0,7955201463,138085311
0,7957539047,138074647
0,7959876624,138065316
0,7962214209,138057151
0,7964551793,138050007
0,7966889370,138043756
0,7969226954,138038286
0,7971564539,138033500
0,7973902116,138029312
0,7976239700,138025648
0,7978577285,138022442
0,7980914862,138019636
0,7983252446,137892181
0,7985590030,137780658
0,7987927608,137558075
0,7990265192,137488315
0,7992602776,137427275
0,7994940354,137248865
0,7997277938,137217756
0,7999615522,137190536
0,8001953100,137041719
0,8005437876,137161504
0,8007775453,137266316
0,8010113038,137358026
0,8012450622,137438272
0,8014788199,137508488
0,8017125783,137569927
0,8019463368,137623686
0,8021800945,137670725
0,8024138529,137711884
0,8026476114,137747898
0,8028813691,137779410
0,8031151275,137806983
0,8033488859,137831110
0,8035826437,137852221
0,8038164021,137870693
0,8040501605,137886856
0,8042839183,137900999
0,8045176767,137913374
0,8047514351,137924202
0,8049851929,137933676
0,8052189513,137941966
0,8054527097,138074220
0,8056864675,138189942
0,8059202259,138291199
0,8061539843,138379799
0,8063877420,138457324
0,8066215005,138525158
0,8068552589,138584513
0,8070890166,138636448
0,8073227751,138681892
0,8074418143,138596655
0,8076755727,138522073
0,8079093304,138456813
0,8081430889,138399711
0,8083768473,138349747
0,8086106050,138306028
0,8088443635,138267774
0,8090781212,138234302
0,8093118796,138205014
0,8095456381,138179387
0,8097793958,138156963
0,8100131542,138137342
0,8102469127,138120174
0,8104806704,138105152
0,8107144288,138092008
0,8109481872,138080507
0,8111819450,138070443
0,8114157034,138061637
0,8116494618,138053932
0,8118832196,138047190
0,8122316972,138166291
0,8124654557,138270504
0,8126992134,138361691
0,8129329718,138441479
0,8131667302,138511294
0,8134004880,138697382
0,8136342464,138735209
0,8138680048,138768307
0,8141017626,138922268
0,8143355210,138806984
0,8145692794,138706111
0,8148030372,138617847
0,8150367956,138540616
0,8152705540,138473039
0,8155043118,138413909
0,8157380702,138362170
0,8159718286,138316898
0,8162055864,138277285
0,8164393448,138242624
0,8166731032,138212296
0,8169068610,138560759
0,8171406194,138740664
0,8173743778,138898081
0,8176081356,139160820
0,8178418940,139265717
0,8181903710,139482502
0,8184241294,139797189
0,8186578878,139947540
0,8188916456,140079097
0,8191254040,140319209
0,8192444432,140279307
0,8194782010,140244393
0,8197119594,140338843
0,8199457178,140296487
0,8201794756,140259426
0,8204132340,140351997
0,8206469924,140307997
0,8208807502,140269497
0,8211145086,140360809
0,8213482670,140315707
0,8215820248,140401243
0,8218157832,140601087
0,8220495416,140650951
0,8222832994,140694582
0,8225170578,140857759
0,8227508162,140875539
0,8229845740,140891096
0,8232183324,141029709
0,8234520908,141025995
0,8236858486,141022745
0,8239196070,141144901
0,8241533654,141126788
0,8243871232,141110939
0,8246208816,141222071
0,8248546401,141194312
0,8249736793,141045023
0,8252074370,141039395
0,8254411954,140909470
0,8256749539,140795786
0,8259087116,140821312
0,8261424701,140593648
0,8263762285,140394442
0,8266099862,140345136
0,8268437447,140176994
0,8270775024,140029869
0,8273112608,139901135
0,8275450193,139788493
0,8277787770,139689931
0,8280125354,139603689
0,8283610131,139653227
0,8285947708,139696573
0,8288285293,139734501
0,8290622877,139767688
0,8292960455,139796727
0,8295298039,139822136
0,8297635623,139844369
0,8299973201,139863822
0,8302310785,139880844
0,8304648369,139895738
0,8306985947,139908770
0,8309323531,139920173
0,8311661115,139930151
0,8313998693,139938882
0,8316336277,139946521
0,8318673861,139953205
0,8321011439,139959054
0,8323349023,139839172
0,8325686608,139734275
0,8328024185,139767490
0,8330361769,139671553
0,8332699354,139712608
0,8335036931,139873532
0,8337374516,139889340
0,8339712100,139903172
0,8343196870,140165275
0,8345534454,140269615
0,8347872031,140360913
0,8350209616,140565798
0,8352547200,140620073
0,8353737592,140542563
0,8356075170,140599742
0,8358412754,140524774
0,8360750338,140459177
0,8363087916,140526779
0,8365425500,140460931
0,8367763084,140403314
0,8370100662,140477899
0,8372438246,140418161
0,8374775824,140365890
0,8377113408,140445153
0,8379450992,140389508
0,8381788570,140340819
0,8384126154,140423216
0,8386463739,140370314
0,8388801316,140324024
0,8391138900,140533521
0,8393476485,140591830
0,8395814062,140642851
0,8398151647,140812494
0,8400489231,140835932
0,8402826808,140856440
0,8405164393,140999385
0,8407501977,140999461
0,8409839555,140999528
0,8412177139,141124587
0,8414514723,141109013
0,8416852301,141095386
0,8419189885,141208462
0,8421527470,141182404
0,8423865047,141034603
0,8426202631,141030277
0,8428540216,140901492
0,8430877793,140788805
0,8433215378,140815204
0,8435552962,140713303
0,8437890540,140624140
0,8440228124,140671122
0,8442565708,140587231
0,8446050478,140763827
0,8448388062,140918348
0,8450725647,140928554
0,8453063224,141062484
0,8455400808,141179673
0,8457738393,141157213
0,8460075970,141262561
0,8462413555,141229740
0,8464751139,141201022
0,8467088717,141300894
0,8469426301,141263282
0,8471763885,141230371
0,8474101463,141326574
0,8476439047,141285752
0,8478776625,141250033
0,8481114209,141343778
0,8483451793,141175805
0,8485789371,141028829
0,8488126955,141025225
0,8490464540,140897071
0,8492802117,140784937
0,8495139702,140936819
0,8497477286,140944716
0,8499814864,140951626
0,8502152448,141082672
0,8504490032,141072338
0,8506827610,141063295
0,8509165194,141180383
0,8511502778,141157835
0,8513840356,141138105
0,8515030748,141120841
0,8517368333,140980735
0,8519705917,140858143
0,8522043495,140875875
0,8524381079,140766390
0,8526718663,140670591
0,8529056241,140711767
0,8531393825,140622796
0,8533731410,140544946
0,8536068987,140601827
0,8538406571,140526598
0,8540744156,140460773
0,8543081733,140528176
0,8545419318,140462154
0,8547756902,140404384
0,8550094480,140478836
0,8552432064,140418981
0,8554769642,140366608
0,8557107226,140445782
0,8559444810,140390059
0,8561782388,140341301
0,8564119972,140423638
0,8566457557,140370683
0,8568795134,140324347
0,8571132719,140408803
0,8573470303,140357702
0,8575807881,140312989
0,8578145465,140398865
0,8580483049,140349006
0,8582820627,140305380
0,8585158211,140142207
0,8587495796,139999431
0,8589833373,139874502
0,8592170958,139765189
0,8594508542,139669540
0,8596846120,139585847
0,8599183704,139512616
0,8601521288,139448539
0,8603858866,139392471
0,8607343642,139468412
0,8609681227,139534860
0,8612018804,139718002
0,8614356389,139753251
0,8616693973,139784094
0,8619031551,139936082
0,8621369135,139944071
0,8623706720,139951062
0,8626044297,140082179
0,8628381882,140071906
0,8630719466,140062917
0,8633057044,140180052
0,8635394628,140157545
0,8637732212,140137851
0,8640069790,140245619
0,8642407374,140214916
0,8644744959,140188051
0,8647082536,140289544
0,8649420121,140253351
0,8651757705,140221682
0,8654095283,140318971
0,8656432867,140404099
0,8658770445,140478586
0,8661108029,140668762
0,8663445613,140710166
0,8665783191,140746395
0,8668120775,140903095
0,8670458360,140915208
0,8672795937,140925807
0,8675133522,141060081
0,8676323914,140927570
0,8678661498,140811623
0,8680999076,140710170
0,8683336660,140621398
0,8685674245,140543723
0,8688011823,140600757
0,8690349407,140525662
0,8692686991,140459954
0,8695024569,140527459
0,8697362153,140461526
0,8699699738,140403835
0,8702037315,140478355
0,8704374900,140418560
0,8706712484,140366240
0,8710197254,140570460
0,8712534838,140624152
0,8714872416,140671133
0,8717210000,140837241
0,8719547585,140857585
0,8721885162,140875386
0,8724222747,141015962
0,8726560331,141013966
0,8728897909,141012220
0,8731235493,141135692
0,8733573078,141118730
0,8735910655,141103888
0,8738248240,141215902
0,8740585824,141188914
0,8742923402,141165299
0,8745260986,141269636
0,8747598571,141110931
0,8749936148,140972064
0,8752273733,140850556
0,8754611317,140744236
0,8756948895,140651206
0,8759286479,140944805
0,8761624064,141076704
0,8763961641,141192116
0,8766299226,141418101
0,8768636810,141490838
0,8772121580,141804483
0,8774459164,142078922
0,8776796742,142194056
0,8779134326,142419799
0,8780324719,142492324
0,8782662303,142430783
0,8784999881,142376935
0,8787337465,142454818
0,8789675050,142397965
0,8792012627,142473219
0,8794350212,142539066
0,8796687796,142471682
0,8799025374,142537721
0,8801362958,142595505
0,8803700543,142521066
0,8806038120,142580932
0,8808375705,142633315
0,8810713289,142554150
0,8813050867,142609881
0,8815388451,142658645
0,8817726036,142576314
0,8820063613,142754274
0,8822401198,142909989
0,8824738782,143046240
0,8827076360,143165460
0,8829413944,143269777
0,8831751529,143236054
0,8834089106,143331547
0,8836426691,143415103
0,8838764275,143363215
0,8841101853,143442813
0,8842292245,143387461
0,8844629829,143214028
0,8846967407,143062274
0,8849304992,143054489
0,8851642576,142797677
0,8853980154,142572967
0,8856317738,142501346
0,8858655323,142313677
0,8860992900,142149467
0,8863330485,142130783
0,8865668069,141989435
0,8869152839,142115755
0,8871490423,142226285
0,8873828001,142197999
0,8876165586,142298249
0,8878503170,142385967
0,8880840748,142337721
0,8883178332,142420505
0,8885515917,142492941
0,8887853494,142431323
0,8890191079,142502407
0,8892528663,142564606
0,8894866241,142494030
0,8897203825,142557276
0,8899541410,142612616
0,8901878987,142536039
0,8904216572,142594034
0,8906554156,142644779
0,8908891734,142564181
0,8911229318,142618658
0,8913566903,142416325
0,8915904481,142239284
0,8918242065,142209373
0,8920579649,142058201
0,8922917227,142050925
0,8925254812,142169559
0,8927592396,142273364
0,8929929974,142239193
0,8933414750,142459293
0,8935752335,142526881
0,8938089913,142711020
0,8939280305,142747142
0,8941617889,142653749
0,8943955467,142572030
0,8946293051,142625526
0,8948630636,142547335
0,8950968214,142478918
0,8953305798,142544053
0,8955643383,142476046
0,8957980960,142416540
0,8960318545,142489472
0,8962656129,142428288
0,8964993707,142374752
0,8967331291,142452908
0,8969668876,142396294
0,8972006454,142471757
0,8974344038,142537787
0,8976681622,142470563
0,8979019200,142536742
0,8981356785,142594649
0,8983694369,142520317
0,8986031947,142705277
0,8988369531,142867117
0,8990707116,143008727
0,8993044693,143132636
0,8995382278,143241056
0,8997719862,143335924
0,9001204632,143543933
0,9003542217,143725941
0,9004732609,143760198
0,9007070187,143790173
0,9009407771,143816401
0,9011745356,143589350
0,9014082933,143515681
0,9016420518,143451220
0,9018758102,143269817
0,9021095680,143236089
0,9023433265,143206577
0,9025770842,143055754
0,9029255619,143173784
0,9031593204,143277061
0,9033930781,143242428
0,9036268366,143337124
0,9038605950,143419983
0,9040943528,143367485
0,9043281112,143446549
0,9045618697,143515730
0,9047956275,143451263
0,9050293859,143519855
0,9052631444,143579873
0,9054969021,143507388
0,9057306606,143568964
0,9059644190,143622843
0,9061981768,143544987
0,9064319353,143601863
0,9066656937,143651630
0,9068994515,143570176
0,9071332099,143623904
0,9072522492,143545916
0,9074860069,143227676
0,9077197654,143074216
0,9079535238,142814939
0,9081872816,142713071
0,9084210401,142748937
0,9086547985,142780319
0,9088885563,142682779
0,9091223147,142722431
0,9094707924,142882127
0,9097045502,143021861
0,9099383086,143144128
0,9100573478,143126112
0,9102911056,142985348
0,9105248641,142987179
0,9107586225,142988781
0,9109923803,142865183
0,9112261387,142882035
0,9114598972,142771780
0,9116936550,142675307
0,9119274134,142715893
0,9121611719,142626406
0,9123949296,142548105
0,9126286881,142604591
0,9128624466,142529017
0,9130962043,142462889
0,9133299628,142530027
0,9135637212,142463773
0,9137974790,142405801
0,9140312375,142480075
0,9142649959,142295065
0,9144987537,142133181
0,9147325121,142241533
0,9149662706,142211341
0,9152000284,142309923
0,9154337868,142396182
0,9156675453,142346659
0,9159013030,142428326
0,9162497807,142624785
0,9164835385,142671686
0,9166025777,142712725
0,9168363362,142748634
0,9170700946,142530054
0,9173038524,142463797
0,9175376108,142405822
0,9177713693,142230094
0,9180051271,142201332
0,9182388855,142176165
0,9184726440,142029144
0,9187064018,142025501
0,9190548794,142147313
0,9192886372,142128898
0,9195223957,142237785
0,9197561541,142333061
0,9199899119,142291428
0,9202236703,142379999
0,9204574288,142457499
0,9206911866,142400311
0,9209249450,142475272
0,9211587035,142540863
0,9213924613,142473255
0,9216262197,142664098
0,9218599782,142831085
0,9220937359,142852199
0,9223274944,142995674
0,9225612529,143121214
0,9227950106,143106062
0,9230287691,143217804
0,9232625275,143315578
0,9233815661,143151130
0,9236153245,143007238
0,9238490830,142756333
0,9240828408,142536791
0,9243165992,142594692
0,9245503577,142645355
0,9247841155,142564685
0,9250178739,142619099
0,9252516324,142666711
0,9256001094,142833372
0,9258338678,142979200
0,9260676263,143106800
0,9261866648,142968450
0,9264204233,142972393
0,9266541817,142975843
0,9268879395,142853862
0,9271216980,142872129
0,9273554564,142888112
0,9275892142,142777098
0,9278229727,142804960
0,9280567311,142829340
0,9282904889,142725672
0,9285242474,142759963
0,9287580058,142789967
0,9289917636,142691221
0,9292255220,142729818
0,9294592805,142638590
0,9298077575,142808766
0,9300415160,142957670
0,9302752744,142962961
0,9305090322,142967590
0,9307427907,142971641
0,9309765484,142975185
0,9312103069,143103286
0,9314440653,143215375
0,9316778231,143188453
0,9319115816,143289896
0,9321453400,143378659
0,9323790978,143331326
0,9326128563,143414910
0,9328466147,143488046
0,9330803725,143427040
0,9333141310,143373660
0,9335478894,143326952
0,9337816472,143161083
0,9340154057,143140947
0,9342491641,143123328
0,9344829219,142982912
0,9347166804,142985048
0,9349504388,143236917
0,9351841966,143457302
0,9354179550,143650139
0,9356517135,143818871
0,9360001905,144216512
0,9362339490,144439448
0,9364677074,144634517
0,9367014652,144930202
0,9369352237,145063926
0,9370542629,145055935
0,9372880207,145048943
0,9375217791,145042825
0,9377555376,145037471
0,9379892954,145157787
0,9382230538,145263063
0,9384568123,145355180
0,9386905701,145435782
0,9389243285,145506309
0,9391580870,145568020
0,9393918448,145622017
0,9396256032,145669264
0,9398593617,145710606
0,9400931195,145496780
0,9403268779,145434682
0,9405606364,145380346
0,9407943942,145457802
0,9410281526,145525576
0,9412619111,145584879
0,9414956689,145636769
0,9417294273,145682172
0,9419631858,145721900
0,9421969436,145756662
0,9424307020,145787079
0,9426644605,145813694
0,9428982183,145836982
0,9430172575,145732359
0,9432510159,145640814
0,9434847737,145560712
0,9437185322,145490623
0,9439522907,145429295
0,9441860484,145125633
0,9444198069,144984928
0,9446535654,144861812
0,9448873231,144629085
0,9451210816,144550449
0,9453548401,144481642
0,9455885978,144296436
0,9458223563,144259381
0,9461708340,144351958
0,9464045918,144432963
0,9466383502,144503842
0,9468721087,144565861
0,9471058665,144620128
0,9473396249,144667612
0,9475733834,144709160
0,9478071412,144745515
0,9480408996,144777325
0,9482746581,144805159
0,9485084159,144829514
0,9487421743,144850824
0,9489759328,144869471
0,9492096906,144885787
0,9494434491,144900063
0,9496772068,144912555
0,9499109653,144923485
0,9501447238,144933049
0,9503784815,144691417
0,9506122400,144604989
0,9508459985,144529365
0,9510797563,144338194
0,9513135147,144295919
0,9515472732,144383929
0,9517810310,144460937
0,9520147894,144528319
0,9523632671,144712279
0,9525970249,144873244
0,9528307834,145014088
0,9530645418,145137327
0,9532982996,145245161
0,9534173388,145214515
0,9536510973,145187700
0,9538848551,145164237
0,9541186135,145143707
0,9543523720,145125743
0,9545861298,145110025
0,9548198883,145096271
0,9550536467,145084237
0,9552874045,145073707
0,9555211630,145064493
0,9557549214,145056431
0,9559886792,145049377
0,9562224377,145043204
0,9564561961,145037803
0,9566899539,145033077
0,9569237124,145028942
0,9571574709,145025324
0,9573912286,145022158
0,9576249871,145144388
0,9578587456,145251339
0,9580925034,145344921
0,9583262618,145426805
0,9585600203,145498454
0,9587937781,145561147
0,9591422558,145741003
0,9593760142,145898377
0,9594950528,145911079
0,9597288112,145922194
0,9599625697,145931919
0,9601963275,145940429
0,9604300860,145947875
0,9606638444,145829390
0,9608976022,145600716
0,9611313607,145525626
0,9613651191,145459922
0,9615988769,145277431
0,9618326354,145242752
0,9620663938,145212408
0,9623001516,145185857
0,9626486293,145287624
0,9628823871,145376671
0,9631161456,145454587
0,9633499041,145522763
0,9635836618,145582417
0,9638174203,145634614
0,9640511788,145680287
0,9642849366,145720251
0,9645186950,145755219
0,9647524535,145785816
0,9649862113,145812589
0,9652199697,145836015
0,9654537282,145856513
0,9656874860,145874448
0,9659212445,145890142
0,9661550029,145903874
0,9662740422,145790889
0,9665077999,145692027
0,9667415584,145480523
0,9669753169,145295457
0,9672090747,145133524
0,9674428331,144991833
0,9676765909,144867853
0,9679103494,144884371
0,9681441079,144898824
0,9683778656,144911471
0,9687263433,145047537
0,9689601018,145166594
0,9691938596,145270769
0,9694276181,145361922
0,9696613765,145441681
0,9697804151,145386470
0,9700141736,145338161
0,9702479320,145295890
0,9704816898,145258903
0,9707154483,145226540
0,9709492067,145198222
0,9711829645,145173444
0,9714167230,145151763
0,9716504815,145132792
0,9718842393,145116193
0,9721179977,145101668
0,9723517562,145088959
0,9725855140,145077839
0,9728192724,145068109
0,9730530309,145059595
0,9732867887,145052145
0,9735205472,144920626
0,9737543056,144805547
0,9739880634,144829853
0,9742218219,144851121
0,9744555804,144869730
0,9746893382,144886013
0,9749230966,144900261
0,9751568551,144912728
0,9755053321,145173637
0,9757390906,145276932
0,9758581298,145242315
0,9760918876,145212025
0,9763256461,145185521
0,9765594045,145162330
0,9767931623,145017038
0,9770269208,144889908
0,9772606793,144778669
0,9774944371,144556335
0,9777281955,144486793
0,9779619540,144425943
0,9781957118,144247700
0,9784294703,144216737
0,9786632287,144189644
0,9790117058,144290938
0,9792454642,144379570
0,9794792220,144457123
0,9797129805,144524982
0,9799467390,144584359
0,9801804968,144636314
0,9804142552,144681774
0,9806480137,144721552
0,9808817715,144881358
0,9811155300,145021188
0,9813492884,145143539
0,9815830462,145250596
0,9818168047,145344271
0,9820505631,145426237
0,9822843209,145497957
0,9825180794,145560712
0,9826371186,145490623
0,9828708771,145429295
0,9831046349,145250633
0,9833383934,145094303
0,9835721518,144957515
0,9838059096,144837825
0,9840396681,144733096
0,9842734266,144766459
0,9845071844,144795651
0,9847409428,144821194
0,9850894199,144968544
0,9853231783,145097476
0,9855569368,145210291
0,9857906946,145309004
0,9860244531,145395378
0,9861434923,145345955
0,9863772501,145302710
0,9866110086,145264871
0,9868447671,145231762
0,9870785249,145202791
0,9873122833,145177442
0,9875460418,145155261
0,9877797996,145135853
0,9880135581,145118871
0,9882473165,145104012
0,9885957936,145216010
0,9888295520,145314008
0,9890633105,145399757
0,9892970683,145474787
0,9895308268,145540438
0,9897645852,145597883
0,9899983430,145398147
0,9902321015,145348378
0,9904658600,145429830
0,9906996178,145501101
0,9909333762,145563463
0,9911671347,145618030
0,9914008925,145790776
0,9916346510,145816929
0,9918684095,145839812
0,9921021673,145984835
0,9923359257,145986730
0,9925696842,145988388
0,9928034420,146114839
0,9930372005,146100484
0,9932709589,146087923
0,9935047167,145951932
0,9937384752,145832940
0,9939722337,145978822
0,9942059915,146231469
0,9944397499,146327535
0,9946735084,146411593
0,9949072662,146610143
0,9951410247,146658875
0,9954895017,146826515
0,9957232602,147098200
0,9958422994,147085925
0,9960760572,147075184
0,9963098157,147190786
0,9965435742,147166937
0,9967773320,147146069
0,9970110904,147252810
0,9972448489,147221208
0,9974786067,147318557
0,9977123652,147528737
0,9979461237,147587644
0,9981798815,147639188
0,9984136399,147809289
0,9986473984,147833127
0,9988811562,147853986
0,9991149147,147997237
0,9993486732,147997582
0,9995824310,147997884
0,9998161894,147998148
0,10000000000,147998148
